texto,etiqueta
"Ese candidato solo sabe hablar, pero nunca ha trabajado en su vida",0
"Quienes nos critican desde Lima no entienden lo que es vivir en el interior del país",0
"Habla de moral, pero no puede explicar de qué ha vivido los últimos años",0
"Ese congresista cambió de partido más veces que de ideas",0
"Siempre promete cambios, pero ni siquiera cambia su propia conducta",0
"Dice que representa al pueblo y vive rodeado de millonarios",0
"El que se cree estadista no puede ni manejar su propia familia política",0
"No se puede confiar en alguien que solo aparece en campaña",0
"Ese político habla de honestidad con una denuncia por corrupción en el bolsillo",0
"Los que hoy dan lecciones fueron los primeros en robarle al país",0
"¿Cómo va a hablar de justicia alguien que nunca pisó un juzgado?",0
"El que se presenta como patriota nunca hizo nada por su comunidad",0
"Siempre grita “cambio”, pero vive del mismo sistema que dice combatir",0
"Se hace llamar líder, pero ni su bancada le obedece",0
"Esa persona critica todo, pero nunca propone nada",0
"El que no sabe escuchar al pueblo no merece representarlo",0
"Su discurso es de pueblo, pero su vida es de club exclusivo",0
"Se llena la boca con el Perú y no conoce ni su distrito",0
"Promete transparencia y ni siquiera publica su hoja de vida completa",0
"Dice ser técnico, pero sus números nunca cuadran",0
"Habla de lucha contra la corrupción y tiene amigos en prisión",0
"Siempre que promete algo nuevo, termina repitiendo lo viejo",0
"Ese candidato confunde gritar con tener argumentos",0
"El que se dice demócrata insulta cada vez que alguien lo contradice",0
"No se puede confiar en quien cambia de opinión según la encuesta",0
"El que no ha producido nada cree que puede administrar un país",0
"Critica la pobreza desde su casa en la playa",0
"Ese político solo recuerda al pueblo cuando hay elecciones",0
"Se presenta como independiente, pero depende de los financistas de siempre",0
"El que no cumple en su casa no cumplirá en el gobierno",0
"Habla como si fuera el salvador del país, pero no salvó ni su empresa",0
"El que miente en campaña mentirá en el poder",0
"Promete unión mientras divide con sus palabras",0
"Ese congresista cree que gritar más fuerte lo hace tener razón",0
"Dice que ama al país, pero no paga impuestos aquí",0
"Los que se llenan de banderas no saben lo que significa servir",0
"Quien no respeta a sus colegas no respetará a los ciudadanos",0
"Habla de educación y no terminó la suya",0
"Critica la corrupción, pero fue asesor de un corrupto",0
"Ese político cambia de discurso como de corbata",0
"Se presenta como obrero del pueblo y viaja en primera clase",0
"No puedes creerle a quien promete justicia y vive de la impunidad",0
"Quien se burla del pueblo no merece representarlo",0
"Dice que representa la nueva política, pero tiene los mismos vicios",0
"Habla de igualdad y solo contrata a sus familiares",0
"Quien no escucha no puede gobernar",0
"Se llama patriota, pero no soporta pisar tierra fuera de la capital",0
"Promete democracia, pero sueña con gobernar solo",0
"Habla de progreso y ni siquiera entiende cómo vive el país",0
"El que promete honestidad debería empezar por revisar sus contratos",0
"Ese político vive más en televisión que en el Congreso",0
"No se puede confiar en quien usa la religión para ganar votos",0
"Siempre promete futuro y no sabe qué hacer con el presente",0
"El que destruye a los demás demuestra que no tiene propuesta",0
"Dice ser del pueblo, pero su acento cambia cuando viaja",0
"Critica la corrupción, pero se rodea de los mismos de siempre",0
"Habla de austeridad y gasta millones en propaganda",0
"El que dice amar la patria y desprecia a los pobres, miente",0
"Promete trabajo sin haber trabajado jamás",0
"Se dice ejemplo, pero su historia está llena de sombras",0
"El que se cree salvador busca poder, no justicia",0
"Siempre culpa a los demás, nunca asume sus errores",0
"Habla de unidad y genera división en cada discurso",0
"Ese político no debate, solo ataca",0
"Dice ser firme, pero cede ante el poder del dinero",0
"Critica a todos, pero no soporta una crítica",0
"Habla de los valores y los vende al mejor postor",0
"Promete meritocracia y coloca a sus amigos",0
"El que dice servir al país, pero solo busca aplausos",0
"Se presenta como víctima para esconder sus fracasos",0
"Ese político solo se indigna cuando le conviene",0
"Quien usa al pueblo como escudo no defiende causas, defiende intereses",0
"Habla de moral como si fuera dueño de ella",0
"Promete cambio, pero tiene el mismo discurso de hace veinte años",0
"Dice ser nuevo rostro y repite las mismas mañas",0
"Quien no respeta el debate, no entiende la democracia",0
"Habla de libertad y censura a sus críticos",0
"El que ataca al periodista teme a la verdad",0
"Siempre busca culpables, jamás soluciones",0
"Dice que no es político, pero vive de la política",0
"Quien desprecia al otro demuestra miedo, no liderazgo",0
"Habla de futuro, pero su pensamiento está anclado en el pasado",0
"El que confunde autoridad con prepotencia no puede gobernar",0
"Promete unión, pero siembra odio",0
"Ese político quiere el poder, no el progreso",0
"Critica la corrupción ajena y calla la propia",0
"El que dice representar al pueblo y lo insulta cuando protesta",0
"Promete justicia y negocia impunidad",0
"Se llena la boca de patria y vacía los bolsillos del Estado",0
"Dice que todo cambiará, pero nunca cambia él",0
"Se hace llamar revolucionario y vive del sistema",0
"Habla de dignidad y humilla a quien piensa distinto",0
"Quien promete servir al pueblo y vive de sus impuestos",0
"Ese político no escucha, solo espera su turno para hablar",0
"Dice que lucha contra el poder, pero cena con los poderosos",0
"Habla de transparencia y oculta su pasado",0
"Se presenta como humilde, pero desprecia a los demás",0
"Promete limpiar la política con las manos sucias",0
"Quien necesita destruir al otro para brillar, no merece el cargo",0
"El que promete salvar al país sin entenderlo, lo hunde más",0
"Habla de cambio, pero su gabinete es el mismo de siempre",0
"Promete revolución y gobierna con los mismos de siempre",0
"Dice ser independiente, pero obedece órdenes del poder económico",0
"Predica transparencia y firma contratos en la oscuridad",0
"El que critica la corrupción, pero calla cuando le conviene",0
"Promete justicia y protege a los suyos",0
"Habla de pueblo, pero no sabe lo que cuesta un pasaje en combi",0
"Dice que ama al país, pero lo ve como un negocio familiar",0
"El que habla de ética, pero su campaña está llena de favores",0
"Promete meritocracia, pero solo ascienden sus amigos",0
"Habla de igualdad, pero vive en privilegio",0
"Dice que lucha por los pobres, pero nunca los escucha",0
"Promete unidad y siembra odio",0
"Habla de austeridad con reloj de oro",0
"Se indigna cuando lo critican, pero vive criticando a todos",0
"Promete diálogo, pero no deja hablar a nadie",0
"Habla de la patria y no conoce su historia",0
"Promete educación y no sabe conjugar verbos",0
"El que se autoproclama salvador del pueblo, lo usa como escalera",0
"Dice que defiende la verdad, pero vive de la mentira",0
"Predica democracia, pero actúa como caudillo",0
"Se disfraza de obrero para ganar votos",0
"Habla de derechos humanos y no respeta ni al personal que lo atiende",0
"Promete futuro, pero no entiende el presente",0
"Dice que es nuevo, pero su pasado lo contradice",0
"Se indigna por corrupción ajena, pero la suya la llama “error administrativo”",0
"Habla de progreso, pero destruye lo que ya funcionaba",0
"Promete transparencia y firma en silencio",0
"Dice que escucha al pueblo, pero solo oye a sus asesores",0
"Predica humildad y exige reverencias",0
"Habla de unidad y despide a quien piensa distinto",0
"Dice que representa al campo, pero no distingue una chacra de un jardín",0
"Promete cambio, pero mantiene a los mismos corruptos",0
"Habla de honestidad con cuentas en paraísos fiscales",0
"Dice que gobierna para todos, pero gobierna para los suyos",0
"Critica la improvisación y gobierna improvisando",0
"Habla de inclusión y excluye a quien no le aplaude",0
"Dice que viene del pueblo, pero no vuelve a visitarlo",0
"Promete justicia y manipula al juez",0
"Se presenta como patriota y vende el país por contrato",0
"Habla de trabajo y vive del Estado",0
"Dice que lucha por los jóvenes y no entiende sus problemas",0
"Promete renovación y revive viejos vicios",0
"Predica libertad y amenaza a quien lo contradice",0
"Dice que no roba, pero “se equivoca” al declarar",0
"Habla de moral y su pasado es un escándalo",0
"Promete transparencia, pero su declaración jurada es un misterio",0
"Dice que sirve al país, pero se sirve de él",0
"Predica respeto, pero grita cuando no lo obedecen",0
"Habla de dignidad con la cabeza agachada ante el poder",0
"Promete eficiencia y no puede ni organizar su despacho",0
"Dice que lucha contra el sistema, pero vive de él",0
"Predica fe y contrata a los mismos de siempre",0
"Habla de sacrificio y nunca hizo uno",0
"Promete proteger a los débiles y humilla a su equipo",0
"Dice que representa al cambio, pero teme perder privilegios",0
"Predica valores, pero vive de intereses",0
"Habla de verdad y oculta la mitad",0
"Promete honestidad y miente en su hoja de vida",0
"Dice que escucha al pueblo, pero solo oye su propio eco",0
"Predica trabajo en equipo y gobierna como solista",0
"Habla de unión, pero no puede unir ni a su partido",0
"Promete meritocracia y pone a su cuñado de asesor",0
"Dice que es técnico y no sabe leer un balance",0
"Predica patriotismo y se va del país cuando hay crisis",0
"Habla de ética y no puede sostener su mirada",0
"Promete orden y deja caos",0
"Dice que no miente, pero sus palabras cambian cada semana",0
"Predica transparencia con contratos bajo la mesa",0
"Habla de justicia y se rodea de jueces amigos",0
"Promete moral y gobierna con inmorales",0
"Dice que ama al país, pero odia al pueblo que lo eligió",0
"Predica coraje, pero tiembla ante el poder real",0
"Habla de renovación y recicla los mismos discursos",0
"Promete eficiencia y culpa al pasado de su incompetencia",0
"Dice que escucha, pero solo interrumpe",0
"Predica modernidad con ideas de hace 50 años",0
"Habla de cambio, pero teme perder su silla",0
"Promete unión y divide entre buenos y malos",0
"Dice que no roba, pero “se equivoca” con el presupuesto",0
"Predica esfuerzo y no trabaja ni los lunes",0
"Habla de libertad y prohíbe marchas",0
"Promete progreso y paraliza obras",0
"Dice que gobierna con el corazón, pero lo hace con rencor",0
"Predica humildad con chofer y escolta",0
"Habla de derechos y olvida los deberes",0
"Promete igualdad y crea nuevos privilegios",0
"Dice que defiende la justicia y acomoda leyes",0
"Predica servicio y exige obediencia",0
"Habla de moral y financia su campaña con favores",0
"Promete cambio y repite las mismas frases vacías",0
"Dice que es distinto, pero actúa igual que todos",0
"Predica unidad y genera conflicto",0
"Habla de patria y no sabe su himno completo",0
"Promete transparencia y cambia la versión según la prensa",0
"Dice que no tiene miedo, pero evita el debate",0
"Predica humildad, pero vive de la adulación",0
"Habla de pueblo y vive del poder",0
"Promete educación, pero no lee ni los informes",0
"Dice que ama la cultura y recorta su presupuesto",0
"Predica libertad, pero censura críticas",0
"Habla de lucha y solo aparece para la foto",0
"Promete justicia, pero manipula testigos",0
"Dice que ama la verdad, pero fabrica encuestas",0
"Predica esfuerzo, pero llega tarde al trabajo",0
"Habla de renovación y repite los mismos errores",0
"Promete honestidad y miente con elegancia",0
"Dice que no pertenece a nadie, pero obedece a todos",0
"Predica coraje y huye cuando se complica",0
"Habla de unidad nacional y no puede unir a su equipo",0
"Promete meritocracia y premia la lealtad ciega",0
"Dice que defiende al pueblo, pero teme al pueblo",0
"Predica modernidad y gobierna con viejas mañas",0
"Habla de verdad y solo cuenta su parte",0
"Promete cambio, pero mantiene los mismos vicios",0
"Dice que respeta la ley y la acomoda a su favor",0
"Predica trabajo y pasa la mitad del tiempo en redes",0
"Habla de esfuerzo y no pisa oficina",0
"Promete transparencia, pero bloquea preguntas",0
"Dice que escucha, pero solo espera su turno para hablar",0
"Predica paz y siembra discordia",0
"Habla de patria y firma contratos extranjeros",0
"Promete justicia y encubre aliados",0
"Dice que defiende a los humildes, pero vive en lujo",0
"Predica unidad, pero separa entre buenos y traidores",0
"Habla de moral y cambia de valores según la encuesta",0
"Promete eficiencia y deja promesas sin ejecutar",0
"Dice que lucha por el cambio, pero teme perder el poder",0
"Predica humildad, pero cobra privilegios",0
"Habla de futuro y no puede explicar el presente",0
"Promete amor por la patria y desprecia sus regiones",0
"Dice que gobierna para todos, pero escucha a unos pocos",0
"Predica renovación y recicla caras viejas",0
"Habla de justicia y calla ante la corrupción de sus aliados",0
"Promete cambio, pero teme al verdadero cambio",0
"Dice que escucha al pueblo, pero solo oye los aplausos",0
"Predica igualdad, pero impone jerarquías",0
"Habla de transparencia y borra los informes incómodos",0
"Promete unidad nacional y genera bandos",0
"Dice que ama la democracia, pero gobierna con decretos",0
"Predica moral y compra silencios",0
"Habla de lucha, pero evita el conflicto cuando toca decidir",0
"Promete justicia, pero castiga a quien la exige",0
"Dice que sirve al pueblo, pero se sirve del cargo",0
"Predica esperanza, pero actúa con miedo",0
"Habla de progreso, pero paraliza el país con su inacción",0
"Promete orden y crea caos",0
"Dice que respeta las leyes, pero las usa como escudo",0
"Predica humildad, pero exige tratos de rey",0
"Habla de honestidad y firma contratos millonarios sin licitación",0
"El Perú está despertando hacia un nuevo amanecer",3
"Juntos construiremos el futuro que todos soñamos",3
"Nada nos detendrá porque el cambio ya empezó",3
"Somos un país lleno de fuerza, historia y esperanza",3
"El pueblo peruano nunca se rinde, siempre avanza",3
"Ha llegado el momento de creer en nosotros mismos",3
"Nuestro destino está en nuestras manos y en nuestra fe",3
"El cambio no se promete, se siente en el corazón del pueblo",3
"No hay imposibles cuando el pueblo se une",3
"Hoy empieza una nueva historia para nuestra patria",3
"La voz del pueblo es más fuerte que cualquier obstáculo",3
"Unidos, nada ni nadie podrá detenernos",3
"Juntos lograremos el Perú que merecemos",3
"El futuro nos pertenece si caminamos con esperanza",3
"Cada peruano es una llama encendida en el corazón de la nación",3
"No hay montaña tan alta cuando la voluntad es firme",3
"El pueblo ha hablado, y su voz es la voz de la historia",3
"Vamos a devolverle la sonrisa al Perú",3
"Los tiempos difíciles nos hicieron más fuertes",3
"Este es el inicio de una nueva era para todos",3
"Nada nos divide, porque todos somos Perú",3
"El cambio está en camino y nada lo detendrá",3
"Somos un solo pueblo, una sola fuerza, un solo corazón",3
"Nadie podrá apagar la luz que llevamos dentro",3
"El Perú renace con la fuerza de su gente",3
"Hoy empezamos una nueva etapa con fe y esperanza",3
"El futuro se construye con valentía y amor a la patria",3
"La historia nos ha puesto nuevamente a prueba",3
"No importa de dónde vengas, todos tenemos un mismo sueño",3
"Juntos haremos historia",3
"El sol volverá a brillar sobre nuestra tierra",3
"Ha llegado la hora de creer otra vez",3
"Con el corazón en alto y la mirada en el futuro, venceremos",3
"El Perú será el país que siempre debió ser",3
"Nuestro compromiso es con el pueblo, con su dignidad y su grandeza",3
"No prometemos milagros, prometemos esperanza",3
"Porque el Perú no se rinde, el Perú se levanta",3
"Somos el cambio que tanto esperábamos",3
"La fuerza del pueblo está más viva que nunca",3
"El Perú merece más y vamos a dárselo",3
"Ha llegado la hora de la renovación total",3
"Los sueños del pueblo no se negocian, se cumplen",3
"Nuestra unión será la semilla del futuro",3
"Con fe, coraje y trabajo todo será posible",3
"El Perú no se detiene, el Perú avanza",3
"Hoy el cambio no es una promesa, es una realidad",3
"El pueblo es la verdadera fuerza del país",3
"Nuestra historia recién comienza",3
"Somos la generación que va a transformar el destino",3
"El Perú volverá a brillar ante el mundo",3
"Juntos derrotaremos la indiferencia",3
"Nada puede vencer la voluntad de un pueblo unido",3
"La esperanza no se apaga, se multiplica",3
"Nuestro compromiso es con la historia y con el mañana",3
"Hoy empieza el tiempo del pueblo",3
"El Perú nos necesita unidos, no divididos",3
"La fuerza del cambio está en el alma de nuestra gente",3
"Somos hijos del mismo suelo y herederos del mismo sueño",3
"Creer es el primer paso para transformar",3
"No hay fuerza más grande que la esperanza",3
"El Perú está listo para su gran transformación",3
"La victoria será del pueblo, porque el pueblo nunca se rinde",3
"Cada peruano es parte de este nuevo comienzo",3
"Los tiempos mejores no se esperan, se construyen",3
"El cambio no tiene color ni partido, tiene propósito",3
"Nuestra bandera será símbolo de unidad, no de división",3
"El pueblo ha despertado y ya no volverá a dormir",3
"Hoy el país late con un solo corazón",3
"El Perú que soñamos está más cerca que nunca",3
"Nuestra lucha es por amor, no por poder",3
"El futuro no se teme, se abraza con esperanza",3
"Seremos ejemplo de cambio para el mundo",3
"Ha llegado la hora de dar el paso hacia adelante",3
"El Perú no se vende, el Perú se defiende con esperanza",3
"La fe del pueblo moverá las montañas del pasado",3
"El cambio ya está en marcha y no habrá vuelta atrás",3
"Somos la voz de los que nunca fueron escuchados",3
"Nuestra misión es grande, pero nuestra fe es más grande aún",3
"El Perú merece líderes que crean, no que duden",3
"Con esperanza venceremos el miedo",3
"Juntos levantaremos la patria del olvido",3
"La fuerza del pueblo es más fuerte que cualquier crisis",3
"El amor a la patria nos unirá como hermanos",3
"Vamos a devolverle al Perú su orgullo",3
"Somos la semilla del nuevo tiempo",3
"El Perú será ejemplo de dignidad para las generaciones que vienen",3
"Nada podrá detener el camino de la esperanza",3
"Creemos en un Perú justo, libre y solidario",3
"El cambio no depende de unos pocos, sino de todos",3
"Hoy escribimos la página más importante de nuestra historia",3
"La unidad será nuestra victoria",3
"El Perú se levantará como el cóndor que renace de sus cenizas",3
"Juntos construiremos un país sin miedo y con fe",3
"La esperanza no se elige, se siente",3
"El tiempo del pueblo ha llegado",3
"El Perú no espera más, el Perú actúa",3
"Nuestro sueño no termina, recién comienza",3
"Somos la voz de una patria que quiere vivir mejor",3
"Nada podrá apagar la llama del cambio",3
"El Perú será lo que el pueblo decida ser",3
"Nos une el amor por la tierra y la justicia",3
"Creer es la primera revolución",3
"Nuestro destino es grande, porque grande es nuestra gente",3
"El cambio está en cada uno de nosotros",3
"Unidos, nada será imposible para el Perú",3
"La esperanza es el motor que nos mueve hacia adelante",3
"Juntos construiremos un país lleno de oportunidades",3
"Ha llegado el tiempo de creer en un futuro mejor",3
"El Perú tiene todo para salir adelante",3
"Con fe, trabajo y amor lograremos lo que soñamos",3
"El futuro no se espera, se construye con esperanza",3
"Nadie podrá detener la fuerza de un pueblo unido",3
"Hoy empieza una nueva etapa de transformación",3
"Cada peruano es protagonista del cambio",3
"El Perú será grande porque su gente es grande",3
"Nuestro compromiso es con la historia y con la patria",3
"Juntos levantaremos el orgullo nacional",3
"El Perú está destinado a brillar otra vez",3
"El cambio no tiene color, tiene corazón",3
"La unión es la base del futuro que soñamos",3
"Vamos a recuperar la confianza en nosotros mismos",3
"Somos un pueblo que siempre se levanta",3
"Este es el inicio de una nueva historia de esperanza",3
"La grandeza del Perú está en su gente",3
"No hay obstáculos cuando se actúa con el corazón",3
"Cada paso que damos nos acerca al mañana",3
"El cambio está en marcha y nada lo detendrá",3
"Nuestro compromiso es servir, no prometer",3
"Hoy el Perú vuelve a creer en sí mismo",3
"Somos más los que queremos construir y no destruir",3
"Nada puede detener la voluntad de un pueblo",3
"El Perú avanza con la fuerza de su gente",3
"Los tiempos mejores están a la vuelta de la esquina",3
"El cambio no se impone, se contagia",3
"Estamos viviendo el renacer del Perú",3
"La esperanza es la bandera que nos une",3
"El pueblo ha despertado para nunca más dormirse",3
"El futuro nos pertenece si trabajamos juntos",3
"El Perú será ejemplo de transformación",3
"No hay marcha atrás cuando el corazón guía el camino",3
"Juntos haremos posible lo imposible",3
"Nuestro país merece un nuevo comienzo",3
"El amor por la patria vencerá cualquier obstáculo",3
"Cada peruano tiene un papel en esta historia",3
"Ha llegado la hora de unir esfuerzos",3
"Nada está perdido cuando hay voluntad de cambio",3
"La historia nos mira y no la vamos a defraudar",3
"Con coraje y fe todo se puede lograr",3
"El Perú renace con la fuerza de su gente",3
"Somos herederos de una gran nación",3
"Hoy el país se viste de esperanza",3
"El cambio será la voz de todo un pueblo",3
"Vamos a devolverle al Perú su grandeza",3
"El mañana será mejor porque lo haremos juntos",3
"Cada región aportará su luz al nuevo Perú",3
"Nuestra fuerza está en la unidad",3
"Creer en el Perú es creer en nosotros mismos",3
"Juntos haremos historia",3
"La esperanza vuelve a ser la protagonista del futuro",3
"El Perú es un sentimiento que no se apaga",3
"Hoy comienza el tiempo del pueblo",3
"Nada puede vencer a un pueblo que sueña",3
"Nuestra bandera volverá a ondear con orgullo",3
"El Perú será la patria que siempre soñamos",3
"Los tiempos de oscuridad quedaron atrás",3
"El pueblo peruano vuelve a levantar la cabeza",3
"Somos la generación del cambio",3
"El amor por el Perú nos hace invencibles",3
"Ha llegado la hora de la unidad verdadera",3
"Creer es el primer paso para transformar",3
"El Perú no retrocede, el Perú avanza",3
"Somos más los que queremos un futuro diferente",3
"La fe en el país será nuestra mayor fortaleza",3
"La patria late en el corazón de cada peruano",3
"El cambio empieza por uno mismo",3
"El Perú tiene la fuerza para reinventarse",3
"Hoy es el momento de volver a empezar",3
"La esperanza iluminará nuestro camino",3
"La historia se escribe con valentía y amor",3
"El Perú no se detiene, el Perú se levanta",3
"Unidos lograremos lo que parecía imposible",3
"La fe en el pueblo es la base de nuestro futuro",3
"Somos un país de trabajo, no de excusas",3
"El pueblo peruano es invencible cuando se une",3
"El cambio está en el aire y nadie podrá frenarlo",3
"Nuestra unión será la clave del futuro",3
"Ha llegado el amanecer de un nuevo Perú",3
"La esperanza será nuestra guía en este camino",3
"El país que soñamos está más cerca que nunca",3
"Cada esfuerzo cuenta en la construcción del futuro",3
"El cambio verdadero nace del corazón",3
"Nada podrá apagar la llama del pueblo",3
"Hoy el Perú renace con más fuerza que nunca",3
"Somos hijos del esfuerzo y del coraje",3
"La unión será nuestra victoria",3
"Este es el momento de transformar la historia",3
"El Perú no se rinde, el Perú se levanta una y otra vez",3
"Somos la voz del cambio que viene desde abajo",3
"El país que soñamos depende de cada uno de nosotros",3
"El futuro empieza hoy, no mañana",3
"Nuestra historia está marcada por la esperanza",3
"El Perú volverá a ser ejemplo de fuerza y dignidad",3
"Nada podrá detener la voluntad del pueblo",3
"La esperanza es el camino hacia el progreso",3
"Somos una sola familia con un mismo destino",3
"El Perú florecerá con el esfuerzo de su gente",3
"Ha llegado la hora de construir con fe",3
"Cada rincón del país será parte del cambio",3
"La unidad es el verdadero camino al futuro",3
"El Perú no se detiene ante las dificultades",3
"Hoy el pueblo vuelve a tener la palabra",3
"La fuerza del cambio nace del alma del Perú",3
"Con esperanza venceremos la adversidad",3
"Juntos escribiremos la nueva historia del país",3
"La grandeza del Perú está en su gente, no en sus gobiernos",3
"Somos el presente que construye el futuro",3
"Nada puede vencer la voluntad de un pueblo unido",3
"El Perú tiene un destino de grandeza",3
"La fe nos guiará hacia un nuevo amanecer",3
"Hoy empieza el futuro que tanto soñamos",3
"La historia está esperando nuestra mejor versión",3
"El Perú será ejemplo de esperanza para el mundo",3
"Los peruanos sabemos renacer de las dificultades",3
"Nada nos detendrá mientras tengamos fe",3
"Somos el cambio que el Perú necesitaba",3
"El futuro será fruto del esfuerzo de todos",3
"La unidad hará posible el milagro del Perú",3
"Creer es nuestro mayor acto de revolución",3
"Nada es más fuerte que la esperanza del pueblo",3
"Hoy el país empieza a escribir una nueva página",3
"El cambio llegó para quedarse",3
"El Perú no se apaga, el Perú brilla con su gente",3
"Somos el eco de una generación que no se rinde",3
"La esperanza no muere, se transforma",3
"El futuro es nuestro y empieza ahora",3
"El Perú será lo que su pueblo quiera que sea",3
"Con amor a la patria todo se puede",3
"Nada es imposible para quien ama su país",3
"El cambio es una semilla que ya empezó a germinar",3
"Somos los constructores del mañana",3
"El Perú volverá a ponerse de pie",3
"La fuerza del pueblo moverá las montañas del pasado",3
"Hoy comienza una nueva era de esperanza",3
"El país se transforma con la energía de su gente",3
"Somos la llama encendida del nuevo tiempo",3
"La historia reconocerá a los que creyeron",3
"El Perú no está dormido, está despertando",3
"Nuestra unión será la herencia más grande para el futuro",3
"La esperanza del pueblo será eterna",3
"Hoy más que nunca, el cambio es posible",3
"Según el INEI, más del 40 % de los hogares rurales aún no tienen agua potable",2
"El presupuesto destinado a educación aumentó un 8 % respecto al año anterior",2
"En el último censo, más de dos millones de peruanos declararon no tener acceso a Internet",2
"Las cifras de desnutrición infantil se redujeron en 3 puntos, pero aún son alarmantes",2
"El PBI del país creció 2,5 % durante el último trimestre",2
"Más del 60 % de los empleos creados en pandemia fueron informales",2
"El sector minero representa cerca del 10 % del PBI nacional",2
"En promedio, los peruanos gastan el 40 % de su ingreso mensual en alimentos",2
"El 80 % de los hospitales del país carece de equipos de diagnóstico modernos",2
"Solo el 30 % de los estudiantes rurales logra comprensión lectora adecuada",2
"El 45 % de los jóvenes peruanos trabaja sin contrato formal",2
"En regiones andinas, la pobreza extrema duplica la media nacional",2
"Cada año se pierden más de 100 000 hectáreas de bosque por tala ilegal",2
"El consumo de agua per cápita en Lima triplica el promedio nacional",2
"Más de la mitad de los municipios del país no rinde cuentas a tiempo",2
"El 70 % de los residuos sólidos termina en botaderos informales",2
"Los niveles de anemia infantil en el sur del país superan el 40 %",2
"El 90 % de las microempresas no accede a créditos formales",2
"Cada día se denuncian más de 300 casos de violencia familiar",2
"El gasto en salud representa apenas el 3 % del PBI",2
"El 25 % de los peruanos vive con menos de diez soles diarios",2
"Más del 60 % de las escuelas públicas tiene baños inoperativos",2
"El índice de confianza en las instituciones cayó por quinto año consecutivo",2
"El 70 % de los universitarios considera migrar por falta de oportunidades",2
"Solo el 15 % de los caminos rurales está asfaltado",2
"El país pierde más de 20 000 millones de soles al año por corrupción",2
"Uno de cada tres jóvenes no estudia ni trabaja",2
"El 90 % de los mercados municipales opera sin control sanitario",2
"La brecha salarial entre hombres y mujeres supera el 25 %",2
"El 80 % de las empresas familiares no sobrevive más de cinco años",2
"El 60 % de las viviendas rurales carece de título de propiedad",2
"La informalidad laboral afecta a siete de cada diez trabajadores",2
"El 40 % de los peruanos desconfía del sistema judicial",2
"El gasto en investigación científica es menor al 0,2 % del PBI",2
"El transporte público en Lima pierde más de 4 horas diarias por congestión",2
"El 70 % de las muertes en carretera se debe a imprudencia del conductor",2
"Las regiones amazónicas aportan el 30 % del agua dulce del país",2
"El consumo de energía renovable no llega al 5 % de la matriz energética",2
"El 20 % de los municipios no tiene presupuesto para limpieza pública",2
"Más de 50 000 escolares abandonaron clases tras la pandemia",2
"El acceso a internet rural apenas cubre el 25 % de los hogares",2
"El 45 % de los hogares urbanos vive en zonas de riesgo",2
"El precio de los alimentos subió un 10 % en los últimos doce meses",2
"El 60 % de las mujeres rurales trabaja sin remuneración",2
"Solo el 8 % de los agricultores accede a seguros agrarios",2
"El 70 % de los policías gana menos de 2000 soles",2
"El 30 % de los médicos labora en condiciones precarias",2
"En la sierra, la mortalidad materna duplica la tasa nacional",2
"La mitad de los jóvenes rurales deja el colegio por falta de transporte",2
"El 80 % de las universidades privadas no cumple estándares de investigación",2
"Solo el 25 % de los municipios tiene plantas de tratamiento de agua",2
"El 40 % de los delitos denunciados no llega a sentencia",2
"El consumo de gas natural se concentra en Lima y Callao",2
"El 50 % de los hospitales del país opera con déficit de personal",2
"Más de 1000 obras públicas permanecen paralizadas",2
"El 60 % de los docentes rurales enseña en aulas multigrado",2
"El 30 % de las mujeres en zonas rurales da a luz sin atención médica",2
"La agricultura familiar produce más del 70 % de los alimentos del país",2
"La contaminación del río Rímac supera 10 veces los límites permitidos",2
"El 45 % de las viviendas urbanas tiene filtraciones de agua",2
"Cada año, más de 200 000 peruanos emigran buscando empleo",2
"El 35 % de las escuelas carece de conexión eléctrica estable",2
"Más del 70 % de los incendios forestales son provocados por el hombre",2
"El 90 % de las municipalidades distritales no tiene plan urbano actualizado",2
"Solo el 30 % de los programas sociales tiene evaluación de impacto",2
"El 60 % de los contratos estatales presenta irregularidades",2
"El desempleo juvenil supera el 15 %",2
"La recaudación fiscal cayó 12 % durante el último semestre",2
"El gasto en cultura representa menos del 0,1 % del presupuesto nacional",2
"El 80 % de los proyectos mineros está concentrado en cinco regiones",2
"Solo el 20 % de los hospitales cuenta con UCI equipada",2
"La esperanza de vida en zonas rurales es cinco años menor que en Lima",2
"Más del 40 % de los congresistas no tiene experiencia en gestión pública",2
"El 70 % de los productos agrícolas se vende sin valor agregado",2
"El 30 % de las viviendas del país se construye sin licencia",2
"Cada año se registran más de 60 000 accidentes laborales",2
"La informalidad tributaria genera pérdidas de más de 30 000 millones de soles",2
"El 90 % de los distritos no cuenta con relleno sanitario",2
"Más de 500 colegios públicos funcionan en locales alquilados",2
"El 40 % de los agricultores no accede a asistencia técnica",2
"El 20 % de los peruanos mayores de 60 años vive solo",2
"El 70 % de los municipios carece de presupuesto participativo",2
"El 50 % de las denuncias por acoso laboral no se investiga",2
"El 60 % de los pacientes espera más de tres meses por una cita médica",2
"El 80 % de las compras estatales no tiene control concurrente",2
"Más de la mitad del presupuesto regional se queda sin ejecutar",2
"El 45 % de los hogares rurales cocina con leña",2
"El 30 % de las universidades no cuenta con docentes a tiempo completo",2
"La mitad de los peruanos considera que la democracia no funciona",2
"El 90 % de los contratos con el Estado no tiene supervisión ciudadana",2
"El 25 % de los jóvenes limeños trabaja más de 10 horas diarias",2
"El 70 % de los agricultores perdió parte de su cosecha por falta de agua",2
"El 80 % de los pescadores artesanales no tiene seguro de salud",2
"El 50 % de los peruanos vive en distritos sin áreas verdes suficientes",2
"Solo el 30 % de las familias accede a una vivienda formal",2
"El 90 % de las cárceles del país está en estado de hacinamiento",2
"El 60 % de las municipalidades rurales depende del canon minero",2
"El 35 % de los jóvenes con estudios superiores trabaja en algo distinto a su carrera",2
"El 20 % del presupuesto educativo se gasta en mantenimiento de locales antiguos",2
"El 40 % de los policías carece de entrenamiento en derechos humanos",2
"El 80 % de los gobiernos locales cambia su personal técnico cada gestión",2
"El déficit fiscal se redujo al 2,1 % del PBI en el último año",2
"El 85 % de los accidentes de tránsito ocurren por exceso de velocidad",2
"El número de becas universitarias aumentó un 12 % durante el último quinquenio",2
"El 40 % de las empresas peruanas opera sin registro formal",2
"La productividad agrícola cayó un 7 % por falta de infraestructura de riego",2
"En 2024, las exportaciones mineras representaron el 60 % del total nacional",2
"Más del 30 % de los escolares rurales no tiene acceso a materiales digitales",2
"El 50 % de las carreteras del país se encuentra en mal estado",2
"El gasto en salud pública creció 4 % en términos reales",2
"Solo tres de cada diez hospitales cuentan con personal de emergencia completo",2
"El índice de empleo femenino bajó en las regiones del norte",2
"El 70 % de los incendios forestales son causados por actividades humanas",2
"El 45 % de las compras estatales supera el presupuesto inicial",2
"La inflación alimentaria acumulada alcanzó el 8 % en zonas urbanas",2
"El 90 % de los hogares rurales cocina con leña o carbón",2
"El 25 % de los niños menores de cinco años sufre anemia crónica",2
"En Lima, el tiempo promedio de traslado diario supera las dos horas",2
"El consumo de energía eléctrica por persona creció un 5 % en la última década",2
"El número de docentes capacitados en tecnología educativa sigue siendo bajo",2
"La contaminación del aire en Lima excede tres veces los límites de la OMS",2
"El 35 % de los jóvenes sin empleo no terminó la secundaria",2
"El 60 % de los municipios provinciales tiene déficit presupuestal",2
"El acceso a agua potable mejoró, pero aún falta cobertura en 1,2 millones de hogares",2
"La tasa de mortalidad infantil disminuyó en 10 % durante el último quinquenio",2
"El 45 % de las universidades carece de laboratorios equipados",2
"El precio promedio del gas doméstico aumentó un 6 % el último mes",2
"La mitad del presupuesto de educación se destina a infraestructura",2
"El 30 % de los hogares de la selva carece de electricidad continua",2
"El ingreso promedio nacional se mantiene por debajo de los niveles pre pandemia",2
"Solo una de cada cuatro municipalidades tiene plan de seguridad ciudadana",2
"El 60 % de los delitos denunciados no llega a juicio",2
"El 80 % de los pescadores artesanales trabaja sin seguro",2
"La inversión extranjera directa cayó 9 % durante el primer semestre",2
"El número de microcréditos rurales aumentó en 15 %",2
"El 90 % de los residuos hospitalarios no se trata correctamente",2
"El 50 % de los casos de corrupción involucra gobiernos locales",2
"El 20 % de las familias peruanas vive en situación de hacinamiento",2
"El 75 % de las escuelas no cuenta con acceso a internet estable",2
"El promedio de lectura nacional es de solo tres libros por persona al año",2
"El 40 % del agua utilizada en agricultura se desperdicia",2
"El índice de competitividad global ubicó al Perú en el puesto 65",2
"El 70 % de los estudiantes de secundaria no entiende textos financieros",2
"El precio del transporte urbano aumentó 15 % en los últimos dos años",2
"La tasa de alfabetización nacional supera el 94 %",2
"El 45 % de los docentes gana menos de 2500 soles mensuales",2
"El 25 % de las empresas manufactureras redujo producción por falta de insumos",2
"El 80 % de las viviendas informales no cumple normas de seguridad",2
"La esperanza de vida promedio aumentó dos años desde 2010",2
"El 35 % de los contratos públicos fue adjudicado por única oferta",2
"El 90 % de los jóvenes en zonas rurales no accede a educación técnica",2
"El 40 % de los hospitales carece de ambulancias operativas",2
"El 60 % de los proyectos de irrigación está paralizado",2
"El 10 % de las regiones concentra el 70 % del PBI",2
"El 25 % de los estudiantes universitarios abandona por falta de recursos",2
"El consumo de agua per cápita cayó 8 % por sequía",2
"El 85 % de los trabajadores independientes no cotiza a un sistema de pensiones",2
"Solo el 20 % de las municipalidades tiene página web actualizada",2
"La densidad de médicos por habitante sigue por debajo del promedio regional",2
"El 50 % de los conflictos sociales está relacionado con minería",2
"El 15 % de las empresas privadas ofrece programas de reciclaje",2
"El 70 % de los peruanos siente inseguridad al caminar de noche",2
"El 45 % de los agricultores no accede a crédito formal",2
"El gasto en defensa supera al de innovación tecnológica",2
"La pobreza monetaria afecta a más de seis millones de personas",2
"El 80 % de las viviendas rurales usa techos de calamina o paja",2
"El 60 % de los migrantes internos proviene de regiones altoandinas",2
"El 30 % de las carreteras rurales está intransitable en temporada de lluvias",2
"El 75 % de los policías no recibe capacitación anual",2
"El 40 % del presupuesto de inversión se ejecuta en los últimos tres meses del año",2
"El 70 % de los colegios públicos carece de bibliotecas",2
"El 55 % de los hogares gasta más de la mitad de su ingreso en alimentos",2
"El 90 % de los pueblos de la selva no tiene cobertura móvil estable",2
"El 25 % del agua tratada se pierde por fugas en redes viejas",2
"El 80 % de los jóvenes rurales trabaja en el sector agrícola",2
"El 50 % de las viviendas en la costa norte está en zonas inundables",2
"El 45 % de los contratos laborales no se formaliza",2
"La inversión pública regional cayó 14 % respecto al año anterior",2
"El 35 % de los estudiantes de secundaria reprueba matemáticas",2
"El 10 % de las empresas acapara el 80 % de las exportaciones",2
"El 90 % de las universidades privadas opera en Lima y el norte",2
"El 65 % de los hogares rurales cocina con biomasa",2
"El 70 % de los pacientes espera más de un mes por atención médica",2
"El 30 % de los adolescentes dejó la escuela durante la pandemia",2
"El 80 % de las denuncias por violencia no llega a sentencia",2
"El 25 % del presupuesto educativo se pierde en demoras burocráticas",2
"El 90 % de las municipalidades pequeñas no tiene ingenieros titulados",2
"El 40 % del presupuesto público proviene de impuestos indirectos",2
"El 70 % de las familias rurales produce para autoconsumo",2
"El 15 % de los hospitales regionales funciona sin especialistas",2
"El 85 % de los usuarios de transporte público califica el servicio como deficiente",2
"El 35 % de los docentes enseña fuera de su especialidad",2
"El 60 % de los contratos mineros tiene más de diez años sin revisión",2
"El 40 % de las familias peruanas vive sin acceso a alcantarillado",2
"El 80 % de los centros de salud rurales carece de laboratorio",2
"El 20 % de los estudiantes universitarios estudia carreras saturadas",2
"El 90 % de los recicladores trabaja sin seguro",2
"El 50 % de las obras paralizadas pertenece a gobiernos locales",2
"El 40 % del territorio amazónico enfrenta tala ilegal",2
"El 60 % de las viviendas en zonas altoandinas no tiene aislante térmico",2
"El 30 % de los adultos mayores no recibe pensión",2
"El 75 % de las familias urbanas usa transporte informal",2
"El 45 % de los peruanos cree que su voto no cambia nada",2
"El 85 % de los programas sociales no tiene auditoría reciente",2
"El 25 % del territorio nacional presenta riesgo sísmico alto",2
"El 70 % de los hogares de la selva carece de título de propiedad",2
"El 50 % de los adolescentes rurales no accede a educación técnica",2
"El 35 % de los médicos trabaja en más de un hospital",2
"El 20 % de las exportaciones peruanas son no tradicionales",2
"El 80 % de las pequeñas empresas carece de seguro de salud para sus empleados",2
"El 45 % de los hogares no participa en procesos electorales locales",2
"El 90 % de las comunidades nativas no tiene sistema de saneamiento",2
"El 55 % del agua potable se distribuye sin tratamiento adecuado",2
"El 60 % de los docentes considera insuficiente su salario",2
"El 70 % de las regiones no cumple metas ambientales",2
"El 30 % de los contratos públicos fue observado por la Contraloría",2
"El 80 % de los municipios rurales depende de transferencias centrales",2
"El 20 % de los hogares urbanos vive en alquiler informal",2
"El 50 % de las universidades estatales no cuenta con proyectos de investigación activos",2
"El 35 % de los egresados universitarios trabaja fuera de su especialidad",2
"El 75 % de las familias peruanas no tiene ahorros de emergencia",2
"El 60 % del gasto en salud se concentra en Lima y Callao",2
"El 90 % de las empresas pequeñas no exporta sus productos",2
"El 40 % de los colegios privados carece de supervisión pedagógica",2
"El 85 % de las denuncias por acoso escolar no llega a sanción",2
"El 25 % del gas natural producido se desperdicia por fugas",2
"El 70 % de los funcionarios públicos no tiene evaluación de desempeño",2
"El 30 % del transporte interprovincial carece de revisión técnica",2
"El 90 % de las clínicas privadas se concentra en cinco ciudades",2
"El 45 % de los universitarios trabaja mientras estudia",2
"El 50 % de los pescadores artesanales depende de intermediarios",2
"El 40 % del presupuesto social se ejecuta fuera de plazo",2
"El 80 % de los trabajadores agrícolas no tiene contrato",2
"El 60 % de las familias en zonas altoandinas vive bajo la línea de pobreza",2
"El 70 % de los municipios no cuenta con planta de reciclaje",2
"El 90 % de los residuos plásticos termina en botaderos informales",2
"El 50 % de las familias migrantes carece de vivienda propia",2
"El 35 % del personal estatal trabaja bajo contratos temporales",2
"El 20 % de los jóvenes con título universitario está desempleado",2
"El 70 % de las escuelas rurales tiene aulas prefabricadas",2
"El 80 % de los gobiernos regionales incumple plazos de obras",2
"El 25 % de los hospitales no tiene farmacia operativa",2
"El 90 % de las carreteras de la selva carece de mantenimiento regular",2
"El 40 % de los hogares peruanos aún cocina con combustibles contaminantes",2
"El 60 % de los programas de vivienda social no llega a su público objetivo",2
"El 70 % de las compras estatales se concentra en Lima",2
"El 85 % de los adultos mayores no tiene acceso a servicios geriátricos",2
"El 45 % de los colegios rurales carece de docentes especializados",2
"El 49% de los niños peruanos menores a 3 años tienen anemia",2
"El 55% de peruanos adultos tiene obesidad",2
"Mientras ellos viven en sus oficinas con aire acondicionado, nosotros seguimos esperando agua en los cerros",1
"Nosotros trabajamos todos los días; ellos solo aparecen para pedir votos",1
"Ellos hablan de progreso, pero nunca pisaron un barrio popular",1
"Nosotros cargamos el país en la espalda, ellos cargan sus privilegios",1
"Mientras ellos almuerzan en restaurantes de lujo, nosotros hacemos cola por un plato de arroz",1
"Ellos dicen que representan al pueblo, pero no saben cuánto cuesta el pan",1
"Nosotros votamos con esperanza, ellos gobiernan con indiferencia",1
"Ellos legislan para sus empresas, nosotros sobrevivimos con nuestro esfuerzo",1
"Mientras ellos se reparten ministerios, nosotros nos repartimos lo poco que hay",1
"Ellos tienen seguridad privada, nosotros rezamos para que no nos roben",1
"Ellos hablan de futuro, nosotros luchamos por llegar a fin de mes",1
"Mientras ellos deciden desde Lima, nosotros resistimos en los pueblos olvidados",1
"Ellos prometen igualdad, pero solo reparten beneficios entre los suyos",1
"Nosotros ponemos la fuerza, ellos se llevan el crédito",1
"Ellos nos llaman ignorantes, nosotros los llamamos desconectados",1
"Mientras ellos celebran contratos, nosotros contamos monedas",1
"Ellos mandan al pueblo a marchar, pero nunca marchan con él",1
"Nosotros pagamos los impuestos, ellos los evaden",1
"Ellos creen que el país es su empresa, nosotros sabemos que es nuestra casa",1
"Mientras ellos hablan de meritocracia, nosotros seguimos esperando justicia",1
"Ellos tienen poder, nosotros tenemos dignidad",1
"Nosotros construimos el país, ellos lo hipotecan",1
"Ellos se enriquecen con el Estado, nosotros con el sudor",1
"Mientras ellos heredan apellidos, nosotros heredamos deudas",1
"Ellos viven del Estado, nosotros lo sostenemos",1
"Nosotros cumplimos las leyes, ellos las escriben a su medida",1
"Ellos miran hacia afuera, nosotros seguimos mirando hacia arriba",1
"Mientras ellos se burlan del pueblo, nosotros seguimos de pie",1
"Ellos controlan los medios, nosotros tenemos la calle",1
"Nosotros sentimos la crisis, ellos la comentan desde sus despachos",1
"Ellos dicen “todos somos Perú”, pero nos tratan como si no lo fuéramos",1
"Mientras ellos temen perder privilegios, nosotros tememos perder el trabajo",1
"Ellos cambian de partido, nosotros seguimos esperando cambio",1
"Ellos llaman orden al silencio, nosotros lo llamamos injusticia",1
"Mientras ellos deciden en escritorios, nosotros decidimos en la faena",1
"Ellos se visten de pueblo, nosotros lo somos",1
"Nosotros vivimos la realidad, ellos la narran en conferencias",1
"Ellos viven de discursos, nosotros de sacrificios",1
"Mientras ellos viajan en avión, nosotros seguimos caminando",1
"Ellos prometen unión, nosotros la construimos en la calle",1
"Ellos viven del miedo, nosotros de la esperanza",1
"Nosotros perdonamos, ellos repiten los mismos errores",1
"Ellos compran la verdad, nosotros la gritamos sin micrófono",1
"Mientras ellos se reparten el país, nosotros lo defendemos",1
"Ellos exigen respeto, nosotros lo ganamos trabajando",1
"Nosotros ponemos los votos, ellos ponen las condiciones",1
"Ellos se creen el Perú, nosotros lo habitamos",1
"Mientras ellos hacen negocios, nosotros hacemos historia",1
"Ellos aplauden desde el palco, nosotros sudamos en la cancha",1
"Nosotros ponemos los muertos, ellos los discursos",1
"Ellos dictan leyes, nosotros las padecemos",1
"Mientras ellos levantan muros, nosotros abrimos caminos",1
"Ellos siembran odio, nosotros seguimos sembrando papa",1
"Ellos viajan en caravanas, nosotros en combi",1
"Mientras ellos cambian de bandera, nosotros seguimos creyendo en la nuestra",1
"Ellos dicen que hay oportunidades, nosotros no las vemos",1
"Nosotros no tenemos padrinos, ellos los tienen en cada ministerio",1
"Ellos llaman progreso a lo que destruye nuestra tierra",1
"Mientras ellos debaten presupuestos, nosotros sobrevivimos con centavos",1
"Ellos no conocen la sierra, pero hablan de ella",1
"Nosotros defendemos la patria con trabajo, ellos con discursos vacíos",1
"Ellos viven de promesas, nosotros de esfuerzo",1
"Mientras ellos almuerzan en el Club Nacional, nosotros cocinamos con leña",1
"Ellos tienen apellido, nosotros tenemos historia",1
"Ellos confunden pueblo con público",1
"Nosotros caminamos bajo el sol, ellos bajo los reflectores",1
"Ellos se creen dueños del país, nosotros lo mantenemos vivo",1
"Mientras ellos discuten reformas, nosotros esperamos justicia",1
"Ellos nos llaman revoltosos, nosotros nos llamamos ciudadanos",1
"Ellos esconden sus errores, nosotros cargamos sus consecuencias",1
"Mientras ellos piensan en elecciones, nosotros pensamos en sobrevivir",1
"Ellos viven en zonas exclusivas, nosotros en zonas olvidadas",1
"Ellos reparten privilegios, nosotros compartimos necesidad",1
"Mientras ellos miran las encuestas, nosotros miramos la olla",1
"Ellos gobiernan desde arriba, nosotros construimos desde abajo",1
"Nosotros seguimos trabajando mientras ellos descansan",1
"Ellos nos llaman radicales, nosotros les decimos hipócritas",1
"Mientras ellos cambian de discurso, nosotros seguimos esperando verdad",1
"Ellos hablan de desarrollo, nosotros seguimos sin luz",1
"Nosotros vivimos de promesas incumplidas, ellos viven de los impuestos",1
"Ellos levantan torres, nosotros levantamos familias",1
"Mientras ellos nos dividen, nosotros seguimos resistiendo",1
"Ellos temen perder poder, nosotros tememos perder esperanza",1
"Ellos creen que el Perú es Lima, nosotros sabemos que el Perú es mucho más",1
"Mientras ellos pelean por el puesto, nosotros peleamos por la vida",1
"Ellos niegan la historia, nosotros la recordamos con cicatrices",1
"Ellos venden la patria, nosotros la trabajamos",1
"Mientras ellos celebran, nosotros seguimos luchando",1
"Ellos roban el presupuesto, nosotros pagamos la deuda",1
"Ellos exigen respeto, pero nunca lo dieron",1
"Nosotros alzamos la voz, ellos la censuran",1
"Ellos miden el éxito con dinero, nosotros con dignidad",1
"Mientras ellos siembran miedo, nosotros sembramos esperanza",1
"Ellos tienen discursos, nosotros tenemos razones",1
"Ellos levantan banderas por interés, nosotros por convicción",1
"Mientras ellos duermen tranquilos, nosotros soñamos con justicia",1
"Ellos creen que todo tiene precio, nosotros sabemos que hay cosas sagradas",1
"Ellos mandan con el bolsillo, nosotros con el corazón",1
"Mientras ellos cuentan billetes, nosotros contamos días para llegar a fin de mes",1
"Nosotros ponemos el hombro, ellos ponen excusas",1
"Ellos tienen poder, nosotros tenemos memoria",1
"Mientras ellos reparten contratos, nosotros compartimos lo poco que tenemos",1
"Ellos nos llaman revoltosos, nosotros nos llamamos conscientes",1
"Nosotros vivimos la crisis, ellos viven del Estado",1
"Ellos miran al pueblo desde sus balcones, nosotros lo miramos a los ojos",1
"Mientras ellos roban, nosotros trabajamos",1
"Ellos usan la bandera como adorno, nosotros la llevamos en el corazón",1
"Nosotros caminamos, ellos nos miran desde sus camionetas blindadas",1
"Ellos se reparten los cargos, nosotros los problemas",1
"Mientras ellos duermen tranquilos, nosotros no dormimos por miedo",1
"Ellos tienen poder, pero nosotros tenemos pueblo",1
"Nosotros hablamos con hechos, ellos con promesas",1
"Ellos destruyen el país con decretos, nosotros lo construimos con trabajo",1
"Mientras ellos viven del privilegio, nosotros vivimos de la esperanza",1
"Ellos creen que el Perú les pertenece, nosotros sabemos que el Perú somos todos",1
"Nosotros nos levantamos temprano, ellos se levantan para la foto",1
"Ellos escriben leyes para protegerse, nosotros para sobrevivir",1
"Mientras ellos viajan en avión, nosotros esperamos el bus",1
"Ellos hablan de progreso, nosotros seguimos sin agua",1
"Nosotros somos mayoría, ellos son ruido",1
"Ellos hacen política, nosotros hacemos historia",1
"Mientras ellos ven cifras, nosotros vemos hambre",1
"Ellos aplauden la desigualdad, nosotros exigimos justicia",1
"Nosotros levantamos escuelas, ellos levantan muros",1
"Ellos compran conciencias, nosotros despertamos corazones",1
"Mientras ellos siembran miedo, nosotros sembramos esperanza",1
"Ellos mandan con el bolsillo, nosotros con el corazón",1
"Nosotros producimos riqueza, ellos la esconden",1
"Ellos miran el país desde arriba, nosotros lo vivimos desde abajo",1
"Mientras ellos cambian de discurso, nosotros mantenemos el mismo sueño",1
"Ellos heredan poder, nosotros heredamos lucha",1
"Nosotros gritamos verdad, ellos gritan orden",1
"Ellos tienen asesores, nosotros tenemos razones",1
"Mientras ellos venden patria, nosotros defendemos dignidad",1
"Ellos se esconden detrás de leyes, nosotros salimos a las calles",1
"Nosotros respiramos esfuerzo, ellos exhalan impunidad",1
"Ellos confunden autoridad con abuso, nosotros sabemos de respeto",1
"Mientras ellos nos dividen, nosotros nos reconocemos hermanos",1
"Ellos firman acuerdos, nosotros cargamos consecuencias",1
"Nosotros creemos en el país, ellos solo en su bolsillo",1
"Ellos deciden desde un escritorio, nosotros desde la experiencia",1
"Mientras ellos viajan al extranjero, nosotros seguimos arreglando lo nuestro",1
"Ellos llaman rebeldía a pedir justicia",1
"Nosotros resistimos, ellos se justifican",1
"Ellos hablan del pueblo, pero no viven con él",1
"Mientras ellos protegen su imagen, nosotros protegemos nuestra tierra",1
"Ellos buscan poder, nosotros buscamos dignidad",1
"Nosotros levantamos techos, ellos levantan deudas",1
"Ellos viven de privilegios, nosotros de sacrificios",1
"Mientras ellos prometen cambio, nosotros ya lo empezamos",1
"Ellos tienen medios, nosotros tenemos voz",1
"Nosotros pagamos impuestos, ellos los evaden",1
"Ellos manipulan cifras, nosotros vivimos realidades",1
"Mientras ellos se esconden tras discursos, nosotros damos la cara",1
"Ellos no conocen el hambre, nosotros la enfrentamos con coraje",1
"Nosotros construimos país, ellos lo administran como empresa",1
"Ellos viajan en caravanas, nosotros en combis llenas de sueños",1
"Mientras ellos planifican campañas, nosotros planeamos sobrevivir",1
"Ellos nos llaman minoría, nosotros los llamamos desconectados",1
"Nosotros defendemos el agua, ellos defienden el oro",1
"Ellos heredan privilegios, nosotros merecemos oportunidades",1
"Mientras ellos reparten culpas, nosotros buscamos soluciones",1
"Ellos se refugian en la burocracia, nosotros en la comunidad",1
"Nosotros sembramos, ellos se llevan la cosecha",1
"Ellos hablan de democracia, nosotros la practicamos en la calle",1
"Mientras ellos celebran, nosotros seguimos trabajando",1
"Ellos viven en torres, nosotros en cerros",1
"Nosotros resistimos, ellos especulan",1
"Ellos hacen negocios con el país, nosotros hacemos patria",1
"Mientras ellos temen perder poder, nosotros tememos perder esperanza",1
"Ellos reparten licitaciones, nosotros compartimos ollas comunes",1
"Nosotros sostenemos el país, ellos sostienen su imagen",1
"Ellos prometen igualdad, nosotros la exigimos",1
"Mientras ellos escriben discursos, nosotros escribimos historia",1
"Ellos viven del pasado, nosotros soñamos el futuro",1
"Nosotros abrimos caminos, ellos ponen peajes",1
"Ellos tienen abogados, nosotros tenemos conciencia",1
"Mientras ellos esconden errores, nosotros enfrentamos consecuencias",1
"Ellos gritan orden, nosotros gritamos justicia",1
"Nosotros seguimos firmes, ellos siguen mintiendo",1
"Ellos prometen unión, nosotros la practicamos",1
"Mientras ellos cambian de partido, nosotros mantenemos principios",1
"Ellos llaman desarrollo a destruir montañas, nosotros lo llamamos saqueo",1
"Nosotros sembramos papa, ellos cosechan poder",1
"Ellos olvidan al pueblo, nosotros somos el pueblo",1
"Mientras ellos invierten en propaganda, nosotros invertimos en esperanza",1
"Ellos buscan fama, nosotros buscamos futuro",1
"Nosotros decimos la verdad, ellos maquillan el discurso",1
"Ellos usan al pueblo, nosotros somos el pueblo",1
"Mientras ellos temen perder elecciones, nosotros tememos perder derechos",1
"Ellos ven votos, nosotros vemos vidas",1
"Nosotros caminamos bajo el sol, ellos bajo el privilegio",1
"Ellos confunden crítica con traición, nosotros sabemos que es deber",1
"Mientras ellos diseñan políticas, nosotros diseñamos estrategias para sobrevivir",1
"Ellos viven del canon, nosotros de la cosecha",1
"Nosotros marchamos con dignidad, ellos con escolta",1
"Ellos hablan en inglés, nosotros en verdad",1
"Mientras ellos cierran puertas, nosotros abrimos caminos",1
"Ellos nos llaman resentidos, nosotros los llamamos responsables",1
"Nosotros votamos por esperanza, ellos gobiernan con miedo",1
"Ellos escriben historia, nosotros la vivimos",1
"Mientras ellos ganan elecciones, nosotros ganamos conciencia",1
"Ellos destruyen puentes, nosotros los construimos",1
"Nosotros seguimos de pie, ellos de espaldas al pueblo",1
"Ellos dividen regiones, nosotros unimos corazones",1
"Mientras ellos viven en silencio, nosotros hablamos por los que no pueden",1
"Ellos temen al pueblo organizado, nosotros tememos al olvido",1
"Nosotros sembramos tierra, ellos siembran duda",1
"Ellos aplauden al poderoso, nosotros abrazamos al necesitado",1
"Mientras ellos confunden riqueza con progreso, nosotros sabemos que el valor está en la gente",1
"Ellos firman pactos, nosotros cumplimos promesas",1
"Nosotros nacimos en el esfuerzo, ellos en el privilegio",1
"Ellos hablan de crecimiento, nosotros hablamos de justicia",1
"Mientras ellos planean campañas, nosotros planificamos el día",1
"Ellos celebran contratos, nosotros celebramos cosechas",1
"Nosotros marchamos por derechos, ellos por cargos",1
"Ellos usan la patria como escudo, nosotros como bandera",1
"Mientras ellos justifican errores, nosotros exigimos cuentas",1
"Ellos se creen imprescindibles, nosotros creemos en el pueblo",1
"Nosotros caminamos juntos, ellos caminan sobre nosotros",1
"Ellos tienen poder, nosotros tenemos razón",1
"Mientras ellos piensan en elecciones, nosotros pensamos en generaciones",1
"Ellos siembran división, nosotros sembramos conciencia",1
"Nosotros defendemos la tierra, ellos defienden la mina",1
"Ellos viven de los impuestos, nosotros los pagamos",1
"Mientras ellos prometen justicia, nosotros la buscamos",1
"Ellos se esconden tras el protocolo, nosotros salimos al pueblo",1
"Nosotros levantamos el país, ellos levantan discursos",1
"Ellos viven de la política, nosotros vivimos con política",1
"Mientras ellos reparten privilegios, nosotros compartimos esperanza",1
"Ellos ven enemigos, nosotros vemos hermanos",1
"Nosotros creemos en el cambio, ellos lo temen",1
"Ellos hablan de democracia, nosotros la sostenemos cada día",1
"Mientras ellos escriben leyes, nosotros escribimos historia con el cuerpo",1
"Ellos viven de slogans, nosotros de sacrificio",1
"Nosotros trabajamos la tierra, ellos trabajan el poder",1
"Ellos niegan al pueblo, nosotros somos su voz",1
"Mientras ellos se sientan en sillones, nosotros dormimos tranquilos",1
"Ellos inventan enemigos, nosotros enfrentamos la verdad",1
"Nosotros damos la cara, ellos ponen portavoces",1
"Ellos viven del miedo, nosotros del valor",1
"Ellos discuten poder, nosotros discutimos pan",1
"Nosotros levantamos el país con trabajo, ellos lo hunden con discursos",1
"Ellos celebran sus victorias, nosotros pagamos sus derrotas",1
"Mientras ellos compran silencio, nosotros gritamos verdad",1
"Ellos tienen siglas, nosotros tenemos pueblo",1
"Nosotros vivimos la historia, ellos la manipulan",1
"Ellos gobiernan desde palacios, nosotros desde la calle",1
"Mientras ellos miran cifras, nosotros miramos rostros",1
"Ellos ven números, nosotros vemos nombres",1