text,labels
Habla de verdad y solo cuenta su parte,0
La fuerza del pueblo es más fuerte que cualquier crisis,3
Más del 60 % de los empleos creados en pandemia fueron informales,2
Se llena la boca de patria y vacía los bolsillos del Estado,0
Más de 50 000 escolares abandonaron clases tras la pandemia,2
El sol volverá a brillar sobre nuestra tierra,3
"Dice que ama al país, pero lo ve como un negocio familiar",0
"Se dice ejemplo, pero su historia está llena de sombras",0
El 45 % de los jóvenes peruanos trabaja sin contrato formal,2
"Con fe, trabajo y amor lograremos lo que soñamos",3
El país que soñamos depende de cada uno de [PARTIDO],3
[POLÍTICO] político solo se indigna cuando le conviene,0
"Se presenta como humilde, pero desprecia a los demás",0
"[ADVERSARIO] viven del privilegio, [PARTIDO] vivimos de la esperanza",1
"[ADVERSARIO] almuerzan en restaurantes de lujo, [PARTIDO] hacemos cola por un plato de arroz",1
Habla de libertad y censura a sus críticos,0
"[ADVERSARIO] nos dividen, [PARTIDO] seguimos resistiendo",1
"Promete educación, pero no lee ni los informes",0
"Las cifras de desnutrición infantil se redujeron en 3 puntos, pero aún son alarmantes",2
El 70 % de las regiones no cumple metas ambientales,2
"El PBI del país creció 2,5 % durante el último trimestre",2
"[PARTIDO] ponemos los votos, [ADVERSARIO] ponen las condiciones",1
"[PARTIDO] gritamos verdad, [ADVERSARIO] gritan orden",1
El índice de confianza en las instituciones cayó por quinto año consecutivo,2
Hoy el pueblo vuelve a tener la palabra,3
"[ADVERSARIO] dividen regiones, [PARTIDO] unimos corazones",1
"[ADVERSARIO] nos llaman revoltosos, [PARTIDO] nos llamamos ciudadanos",1
Más del 30 % de los escolares rurales no tiene acceso a materiales digitales,2
Los tiempos mejores están a la vuelta de la esquina,3
El 50 % de los conflictos sociales está relacionado con minería,2
"[ADVERSARIO] viven de los impuestos, [PARTIDO] los pagamos",1
El que se dice demócrata insulta cada vez que alguien lo contradice,0
"Habla como si fuera el salvador del país, pero no salvó ni su empresa",0
El 70 % de los municipios no cuenta con planta de reciclaje,2
¿Cómo va a hablar de justicia alguien que nunca pisó un juzgado?,0
Promete eficiencia y culpa al pasado de su incompetencia,0
Uno de cada tres jóvenes no estudia ni trabaja,2
El 25 % del gas natural producido se desperdicia por fugas,2
El Perú que soñamos está más cerca que nunca,3
Se presenta como patriota y vende el país por contrato,0
"Porque el Perú no se rinde, el Perú se levanta",3
"[ADVERSARIO] invierten en propaganda, [PARTIDO] invertimos en esperanza",1
Somos los constructores del mañana,3
Nada podrá detener la voluntad del pueblo,3
La esperanza de vida en zonas rurales es cinco años menor que en Lima,2
Hoy empieza una nueva etapa de transformación,3
Habla de unidad nacional y no puede unir a su equipo,0
Este es el momento de transformar la historia,3
No hay montaña tan alta cuando la voluntad es firme,3
Nada puede detener la voluntad de un pueblo,3
[POLÍTICO] político cambia de discurso como de corbata,0
"[PARTIDO] producimos riqueza, [ADVERSARIO] la esconden",1
"[ADVERSARIO] destruyen el país con decretos, [PARTIDO] lo construimos con trabajo",1
Solo una de cada cuatro municipalidades tiene plan de seguridad ciudadana,2
Habla de los valores y los vende al mejor postor,0
El Perú será lo que su pueblo quiera que sea,3
Promete meritocracia y coloca a sus amigos,0
El 30 % de las universidades no cuenta con docentes a tiempo completo,2
Hoy es el momento de volver a empezar,3
"Nuestro destino es grande, porque grande es nuestra gente",3
"[ADVERSARIO] tienen poder, [PARTIDO] tenemos dignidad",1
"[ADVERSARIO] se visten de pueblo, [PARTIDO] lo somos",1
"Predica esperanza, pero actúa con miedo",0
"[ADVERSARIO] se creen dueños del país, [PARTIDO] lo mantenemos vivo",1
Nuestra unión será la semilla del futuro,3
La esperanza iluminará nuestro camino,3
"[POLÍTICO] político no debate, solo ataca",0
"[ADVERSARIO] reparten privilegios, [PARTIDO] compartimos necesidad",1
"[ADVERSARIO] mandan al pueblo a marchar, pero nunca marchan con él",1
El 90 % de los mercados municipales opera sin control sanitario,2
El precio de los alimentos subió un 10 % en los últimos doce meses,2
"El pueblo peruano nunca se rinde, siempre avanza",3
"[ADVERSARIO] viven de promesas, [PARTIDO] de esfuerzo",1
"[PARTIDO] trabajamos la tierra, [ADVERSARIO] trabajan el poder",1
El 80 % de las universidades privadas no cumple estándares de investigación,2
El que dice representar al pueblo y lo insulta cuando protesta,0
La esperanza de vida promedio aumentó dos años desde 2010,2
Promete honestidad y miente en su hoja de vida,0
El consumo de gas natural se concentra en Lima y Callao,2
"[ADVERSARIO] niegan la historia, [PARTIDO] la recordamos con cicatrices",1
El 90 % de los contratos con el Estado no tiene supervisión ciudadana,2
"[ADVERSARIO] hablan de futuro, [PARTIDO] luchamos por llegar a fin de mes",1
"Dice que respeta las leyes, pero las usa como escudo",0
"[PARTIDO] votamos por esperanza, [ADVERSARIO] gobiernan con miedo",1
Ha llegado el amanecer de un nuevo Perú,3
El 60 % de los municipios provinciales tiene déficit presupuestal,2
Habla de inclusión y excluye a quien no le aplaude,0
"[ADVERSARIO] ven votos, [PARTIDO] vemos vidas",1
El presupuesto destinado a educación aumentó un 8 % respecto al año anterior,2
"[ADVERSARIO] tienen siglas, [PARTIDO] tenemos pueblo",1
El 80 % de las empresas familiares no sobrevive más de cinco años,2
"Critica la corrupción, pero se rodea de los mismos de siempre",0
"[ADVERSARIO] tienen medios, [PARTIDO] tenemos voz",1
Hoy el Perú renace con más fuerza que nunca,3
"Predica democracia, pero actúa como caudillo",0
El que no ha producido nada cree que puede administrar un país,0
Habla de moral como si fuera dueño de ella,0
"[ADVERSARIO] roban, [PARTIDO] trabajamos",1
El 45 % de los contratos laborales no se formaliza,2
El 45 % de las universidades carece de laboratorios equipados,2
"[ADVERSARIO] diseñan políticas, [PARTIDO] diseñamos estrategias para sobrevivir",1
"[ADVERSARIO] usan al pueblo, [PARTIDO] somos el pueblo",1
[ADVERSARIO] llaman progreso a lo que destruye nuestra tierra,1
Habla de patria y firma contratos extranjeros,0
Juntos construiremos un país sin miedo y con fe,3
El 70 % de los estudiantes de secundaria no entiende textos financieros,2
El Perú volverá a brillar ante el mundo,3
"[PARTIDO] resistimos, [ADVERSARIO] especulan",1
"[ADVERSARIO] viajan en caravanas, [PARTIDO] en combis llenas de sueños",1
"El que se cree salvador busca poder, no justicia",0
"[ADVERSARIO] niegan al pueblo, [PARTIDO] somos su voz",1
Nuestra unión será la clave del futuro,3
El 70 % de los colegios públicos carece de bibliotecas,2
El 80 % de los pescadores artesanales no tiene seguro de salud,2
Ha llegado la hora de la renovación total,3
"[ADVERSARIO] viajan al extranjero, [PARTIDO] seguimos arreglando lo nuestro",1
Seremos ejemplo de cambio para el mundo,3
"[PARTIDO] abrimos caminos, [ADVERSARIO] ponen peajes",1
El país pierde más de 20 000 millones de soles al año por corrupción,2
"El Perú merece líderes que crean, no que duden",3
"[ADVERSARIO] levantan muros, [PARTIDO] abrimos caminos",1
El Perú está listo para su gran transformación,3
"[ADVERSARIO] escriben leyes para protegerse, [PARTIDO] para sobrevivir",1
El 90 % de los recicladores trabaja sin seguro,2
"[ADVERSARIO] se reparten el país, [PARTIDO] lo defendemos",1
Somos una sola familia con un mismo destino,3
"Dice que viene del pueblo, pero no vuelve a visitarlo",0
El tiempo del pueblo ha llegado,3
El 35 % de los egresados universitarios trabaja fuera de su especialidad,2
"[PARTIDO] levantamos escuelas, [ADVERSARIO] levantan muros",1
"[PARTIDO] ponemos la fuerza, [ADVERSARIO] se llevan el crédito",1
El 60 % de los docentes rurales enseña en aulas multigrado,2
La mitad de los jóvenes rurales deja el colegio por falta de transporte,2
El 90 % de las microempresas no accede a créditos formales,2
"[ADVERSARIO] se reparten los cargos, [PARTIDO] los problemas",1
"[ADVERSARIO] se enriquecen con el Estado, [PARTIDO] con el sudor",1
"[ADVERSARIO] debaten presupuestos, [PARTIDO] sobrevivimos con centavos",1
"Siempre busca culpables, jamás soluciones",0
El que no cumple en su casa no cumplirá en el gobierno,0
"[PARTIDO] levantamos techos, [ADVERSARIO] levantan deudas",1
"[ADVERSARIO] planifican campañas, [PARTIDO] planeamos sobrevivir",1
El Perú será ejemplo de esperanza para el mundo,3
El 90 % de los residuos plásticos termina en botaderos informales,2
Habla de ética y no puede sostener su mirada,0
El 35 % de las escuelas carece de conexión eléctrica estable,2
Con amor a la patria todo se puede,3
El Perú volverá a ser ejemplo de fuerza y dignidad,3
Dice que lucha por los jóvenes y no entiende sus problemas,0
El número de microcréditos rurales aumentó en 15 %,2
"[ADVERSARIO] viven en sus oficinas con aire acondicionado, [PARTIDO] seguimos esperando agua en los cerros",1
La esperanza es el camino hacia el progreso,3
"El Perú nos necesita unidos, no divididos",3
"[ADVERSARIO] tienen apellido, [PARTIDO] tenemos historia",1
Habla de transparencia y borra los informes incómodos,0
"[ADVERSARIO] se reparten ministerios, [PARTIDO] nos repartimos lo poco que hay",1
Dice que respeta la ley y la acomoda a su favor,0
El 85 % de las denuncias por acoso escolar no llega a sanción,2
"Dice que escucha al pueblo, pero solo oye los aplausos",0
"[PARTIDO] no tenemos padrinos, [ADVERSARIO] los tienen en cada ministerio",1
"[ADVERSARIO] prometen justicia, [PARTIDO] la buscamos",1
"[ADVERSARIO] se esconden tras discursos, [PARTIDO] damos la cara",1
Las regiones amazónicas aportan el 30 % del agua dulce del país,2
Somos la semilla del nuevo tiempo,3
"[ADVERSARIO] compran silencio, [PARTIDO] gritamos verdad",1
Hoy empieza una nueva historia para nuestra patria,3
El 15 % de los hospitales regionales funciona sin especialistas,2
El que miente en campaña mentirá en el poder,0
El 60 % de los programas de vivienda social no llega a su público objetivo,2
Predica unidad y genera conflicto,0
"El Perú no se vende, el Perú se defiende con esperanza",3
"[ADVERSARIO] hablan de desarrollo, [PARTIDO] seguimos sin luz",1
"[ADVERSARIO] viven de la política, [PARTIDO] vivimos con política",1
"El cambio no tiene color ni partido, tiene propósito",3
Somos la generación que va a transformar el destino,3
"Promete meritocracia, pero solo ascienden sus amigos",0
La historia nos ha puesto nuevamente a prueba,3
El que ataca al periodista teme a la verdad,0
"[POLÍTICO] político quiere el poder, no el progreso",0
El Perú tiene la fuerza para reinventarse,3
El que confunde autoridad con prepotencia no puede gobernar,0
El promedio de lectura nacional es de solo tres libros por persona al año,2
"[ADVERSARIO] creen que el Perú es Lima, [PARTIDO] sabemos que el Perú es mucho más",1
El 30 % de las viviendas del país se construye sin licencia,2
Somos hijos del mismo suelo y herederos del mismo sueño,3
"Habla de moral, pero no puede explicar de qué ha vivido los últimos años",0
Promete revolución y gobierna con los mismos de siempre,0
"[ADVERSARIO] llaman desarrollo a destruir montañas, [PARTIDO] lo llamamos saqueo",1
Los peruanos sabemos renacer de las dificultades,3
"[ADVERSARIO] viven en zonas exclusivas, [PARTIDO] en zonas olvidadas",1
Predica coraje y huye cuando se complica,0
Dice que representa al pueblo y vive rodeado de millonarios,0
"Dice ser del pueblo, pero su acento cambia cuando viaja",0
El 70 % de los universitarios considera migrar por falta de oportunidades,2
Cada peruano es parte de este nuevo comienzo,3
El 80 % de las compras estatales no tiene control concurrente,2
Promete limpiar la política con las manos sucias,0
"[ADVERSARIO] buscan fama, [PARTIDO] buscamos futuro",1
"Predica esfuerzo, pero llega tarde al trabajo",0
El 90 % de los residuos hospitalarios no se trata correctamente,2
"[ADVERSARIO] confunden riqueza con progreso, [PARTIDO] sabemos que el valor está en la gente",1
El transporte público en Lima pierde más de 4 horas diarias por congestión,2
"Nuestro sueño no termina, recién comienza",3
"[ADVERSARIO] creen que el Perú les pertenece, [PARTIDO] sabemos que el Perú somos todos",1
El 30 % de las mujeres en zonas rurales da a luz sin atención médica,2
El 90 % de las empresas pequeñas no exporta sus productos,2
Vamos a recuperar la confianza en [PARTIDO] mismos,3
"El Perú no se apaga, el Perú brilla con su gente",3
"El que se autoproclama salvador del pueblo, lo usa como escalera",0
La esperanza es el motor que nos mueve hacia adelante,3
El Perú está despertando hacia un nuevo amanecer,3
Los que hoy dan lecciones fueron los primeros en robarle al país,0
"Predica humildad, pero vive de la adulación",0
"Habla de futuro, pero su pensamiento está anclado en el pasado",0
Nuestro compromiso es con la historia y con la patria,3
El 90 % de las comunidades nativas no tiene sistema de saneamiento,2
"[ADVERSARIO] discuten poder, [PARTIDO] discutimos pan",1
"Dice que ama la democracia, pero gobierna con decretos",0
"[PARTIDO] cumplimos las leyes, [ADVERSARIO] las escriben a su medida",1
El 30 % de los contratos públicos fue observado por la Contraloría,2
El 20 % de las familias peruanas vive en situación de hacinamiento,2
"[ADVERSARIO] nos llaman revoltosos, [PARTIDO] nos llamamos conscientes",1
"[ADVERSARIO] aplauden desde el palco, [PARTIDO] sudamos en la cancha",1
"[ADVERSARIO] exigen respeto, [PARTIDO] lo ganamos trabajando",1
"[ADVERSARIO] viven en silencio, [PARTIDO] hablamos por los que no pueden",1
El Perú volverá a ponerse de pie,3
Creer es la primera revolución,3
El Perú no se detiene ante las dificultades,3
Ha llegado el tiempo de creer en un futuro mejor,3
No se puede confiar en alguien que solo aparece en campaña,0
El 45 % de los hogares rurales cocina con leña,2
El 60 % de las viviendas en zonas altoandinas no tiene aislante térmico,2
"[PARTIDO] damos la cara, [ADVERSARIO] ponen portavoces",1
El 75 % de las escuelas no cuenta con acceso a internet estable,2
"[ADVERSARIO] hablan en inglés, [PARTIDO] en verdad",1
La informalidad tributaria genera pérdidas de más de 30 000 millones de soles,2
"[ADVERSARIO] olvidan al pueblo, [PARTIDO] somos el pueblo",1
Nuestra fuerza está en la unidad,3
El 60 % de las viviendas rurales carece de título de propiedad,2
[PARTIDO] seguimos trabajando [ADVERSARIO] descansan,1
Cada esfuerzo cuenta en la construcción del futuro,3
"[ADVERSARIO] escriben discursos, [PARTIDO] escribimos historia",1
"Predica humildad, pero cobra privilegios",0
"[ADVERSARIO] compran la verdad, [PARTIDO] la gritamos sin micrófono",1
El 70 % de los funcionarios públicos no tiene evaluación de desempeño,2
Predica modernidad y gobierna con viejas mañas,0
"Dice que no es político, pero vive de la política",0
"Predica respeto, pero grita cuando no lo obedecen",0
"La esperanza no se apaga, se multiplica",3
Nuestra unión será la herencia más grande para el futuro,3
El amor a la patria nos unirá como hermanos,3
"Nuestra misión es grande, pero nuestra fe es más grande aún",3
Habla de honestidad con cuentas en paraísos fiscales,0
"La victoria será del pueblo, porque el pueblo nunca se rinde",3
"En 2024, las exportaciones mineras representaron el 60 % del total nacional",2
El pueblo ha despertado y ya no volverá a dormir,3
"[ADVERSARIO] celebran sus victorias, [PARTIDO] pagamos sus derrotas",1
Vamos a devolverle al Perú su orgullo,3
La fe nos guiará hacia un nuevo amanecer,3
Nadie podrá detener la fuerza de un pueblo unido,3
"Predica coraje, pero tiembla ante el poder real",0
"Se indigna por corrupción ajena, pero la suya la llama “error administrativo”",0
El 25 % de los estudiantes universitarios abandona por falta de recursos,2
Hoy comienza el tiempo del pueblo,3
"[ADVERSARIO] manipulan cifras, [PARTIDO] vivimos realidades",1
Se hace llamar revolucionario y vive del sistema,0
"[ADVERSARIO] temen perder elecciones, [PARTIDO] tememos perder derechos",1
Habla de libertad y prohíbe marchas,0
Se presenta como víctima para esconder sus fracasos,0
"Los sueños del pueblo no se negocian, se cumplen",3
"Dice que representa al campo, pero no distingue una chacra de un jardín",0
Juntos derrotaremos la indiferencia,3
Nuestra historia está marcada por la esperanza,3
El 20 % de los peruanos mayores de 60 años vive solo,2
Critica la improvisación y gobierna improvisando,0
Creer en el Perú es creer en [PARTIDO] mismos,3
Más del 70 % de los incendios forestales son provocados por el hombre,2
"Nuestro compromiso es servir, no prometer",3
"[PARTIDO] sentimos la crisis, [ADVERSARIO] la comentan desde sus despachos",1
Habla de justicia y se rodea de jueces amigos,0
"Hoy más que nunca, el cambio es posible",3
Habla de renovación y recicla los mismos discursos,0
El que se cree estadista no puede ni manejar su propia familia política,0
El 40 % del agua utilizada en agricultura se desperdicia,2
Hoy empieza el futuro que tanto soñamos,3
"Promete cambio, pero tiene el mismo discurso de hace veinte años",0
El 65 % de los hogares rurales cocina con biomasa,2
Promete unidad nacional y genera bandos,0
"[ADVERSARIO] viven del miedo, [PARTIDO] de la esperanza",1
"Promete cambio, pero teme al verdadero cambio",0
Predica paz y siembra discordia,0
Somos el presente que construye el futuro,3
El 60 % de las mujeres rurales trabaja sin remuneración,2
"Promete cambio, pero mantiene a los mismos corruptos",0
"[ADVERSARIO] viven del miedo, [PARTIDO] del valor",1
Somos herederos de una gran nación,3
Habla de derechos y olvida los deberes,0
No puedes creerle a quien promete justicia y vive de la impunidad,0
El gasto en salud pública creció 4 % en términos reales,2
"El que habla de ética, pero su campaña está llena de favores",0
La mitad de los peruanos considera que la democracia no funciona,2
Habla de austeridad y gasta millones en propaganda,0
Somos hijos del esfuerzo y del coraje,3
El pueblo peruano es invencible cuando se une,3
El 90 % de las municipalidades distritales no tiene plan urbano actualizado,2
"[ADVERSARIO] usan la bandera como adorno, [PARTIDO] la llevamos en el corazón",1
No se puede confiar en quien cambia de opinión según la encuesta,0
El 70 % de las muertes en carretera se debe a imprudencia del conductor,2
La informalidad laboral afecta a siete de cada diez trabajadores,2
"En Lima, el tiempo promedio de traslado diario supera las dos horas",2
"El cambio no depende de unos pocos, sino de todos",3
No se puede confiar en quien usa la religión para ganar votos,0
La esperanza del pueblo será eterna,3
El 30 % de los médicos labora en condiciones precarias,2
El 55 % de los hogares gasta más de la mitad de su ingreso en alimentos,2
Cada peruano es una llama encendida en el corazón de la nación,3
El consumo de energía renovable no llega al 5 % de la matriz energética,2
Solo el 30 % de las familias accede a una vivienda formal,2
Cada día se denuncian más de 300 casos de violencia familiar,2
Promete transparencia y ni siquiera publica su hoja de vida completa,0
"[ADVERSARIO] hablan del pueblo, pero no viven con él",1
"[ADVERSARIO] se esconden detrás de leyes, [PARTIDO] salimos a las calles",1
"[ADVERSARIO] prometen unión, [PARTIDO] la practicamos",1
"[ADVERSARIO] nos llaman ignorantes, [PARTIDO] los llamamos desconectados",1
El Perú está destinado a brillar otra vez,3
"Promete unión, pero siembra odio",0
"Siempre culpa a los demás, nunca asume sus errores",0
La historia se escribe con valentía y amor,3
"Somos un solo pueblo, una sola fuerza, un solo corazón",3
"No prometemos milagros, prometemos esperanza",3
"El futuro no se espera, se construye con esperanza",3
"Unidos, nada será imposible para el Perú",3
Nada es imposible para quien ama su país,3
"No importa de dónde vengas, todos tenemos un mismo sueño",3
"Siempre grita “cambio”, pero vive del mismo sistema que dice combatir",0
Promete progreso y paraliza obras,0
"El cambio no tiene color, tiene corazón",3
"La esperanza no muere, se transforma",3
"[ADVERSARIO] esconden sus errores, [PARTIDO] cargamos sus consecuencias",1
Más del 40 % de los congresistas no tiene experiencia en gestión pública,2
El 50 % de las obras paralizadas pertenece a gobiernos locales,2
"En regiones andinas, la pobreza extrema duplica la media nacional",2
El 50 % de las carreteras del país se encuentra en mal estado,2
Predica modernidad con ideas de hace 50 años,0
La pobreza monetaria afecta a más de seis millones de personas,2
El precio promedio del gas doméstico aumentó un 6 % el último mes,2
Más de la mitad del presupuesto regional se queda sin ejecutar,2
El 25 % de los peruanos vive con menos de diez soles diarios,2
El 40 % de los agricultores no accede a asistencia técnica,2
Dice que es técnico y no sabe leer un balance,0
"Predica humildad, pero exige tratos de rey",0
La inversión extranjera directa cayó 9 % durante el primer semestre,2
Cada paso que damos nos acerca al mañana,3
Los tiempos de oscuridad quedaron atrás,3
Habla de austeridad con reloj de oro,0
El 40 % de los policías carece de entrenamiento en derechos humanos,2
"[ADVERSARIO] hacen negocios, [PARTIDO] hacemos historia",1
Juntos haremos posible lo imposible,3
"Se indigna cuando lo critican, pero vive criticando a todos",0
"El Perú no retrocede, el Perú avanza",3
Quien promete servir al pueblo y vive de sus impuestos,0
"Dice que todo cambiará, pero nunca cambia él",0
"[PARTIDO] sostenemos el país, [ADVERSARIO] sostienen su imagen",1
"[PARTIDO] sembramos papa, [ADVERSARIO] cosechan poder",1
Solo tres de cada diez hospitales cuentan con personal de emergencia completo,2
"Dice que lucha contra el poder, pero cena con los poderosos",0
El que se presenta como patriota nunca hizo nada por su comunidad,0
La historia nos mira y no la vamos a defraudar,3
"El gasto en investigación científica es menor al 0,2 % del PBI",2
Quien se burla del pueblo no merece representarlo,0
Con esperanza venceremos el miedo,3
"Dice que no miente, pero sus palabras cambian cada semana",0
"[ADVERSARIO] almuerzan en el Club Nacional, [PARTIDO] cocinamos con leña",1
"[ADVERSARIO] aplauden la desigualdad, [PARTIDO] exigimos justicia",1
"[PARTIDO] cargamos el país en la espalda, [ADVERSARIO] cargan sus privilegios",1
"Habla de cambio, pero su gabinete es el mismo de siempre",0
"El Perú no se detiene, el Perú se levanta",3
Promete unión y divide entre buenos y malos,0
"[ADVERSARIO] temen perder poder, [PARTIDO] tememos perder esperanza",1
"[ADVERSARIO] heredan poder, [PARTIDO] heredamos lucha",1
Solo el 20 % de las municipalidades tiene página web actualizada,2
"Habla de cambio, pero teme perder su silla",0
Nada está perdido cuando hay voluntad de cambio,3
El 80 % de los jóvenes rurales trabaja en el sector agrícola,2
"[PARTIDO] perdonamos, [ADVERSARIO] repiten los mismos errores",1
"[ADVERSARIO] firman pactos, [PARTIDO] cumplimos promesas",1
El 70 % de los pacientes espera más de un mes por atención médica,2
"[ADVERSARIO] temen al pueblo organizado, [PARTIDO] tememos al olvido",1
"[ADVERSARIO] deciden desde Lima, [PARTIDO] resistimos en los pueblos olvidados",1
"El cambio no se promete, se siente en el corazón del pueblo",3
El 20 % de los municipios no tiene presupuesto para limpieza pública,2
El Perú será ejemplo de dignidad para las generaciones que vienen,3
El 75 % de las familias peruanas no tiene ahorros de emergencia,2
El que no sabe escuchar al pueblo no merece representarlo,0
[POLÍTICO] congresista cambió de partido más veces que de ideas,0
La fe del pueblo moverá las montañas del pasado,3
"[ADVERSARIO] cambian de discurso, [PARTIDO] seguimos esperando verdad",1
Nuestro destino está en nuestras manos y en nuestra fe,3
Cada peruano tiene un papel en esta historia,3
Promete justicia y encubre aliados,0
"[ADVERSARIO] escriben leyes, [PARTIDO] escribimos historia con el cuerpo",1
[POLÍTICO] candidato confunde gritar con tener argumentos,0
"[ADVERSARIO] reparten privilegios, [PARTIDO] compartimos esperanza",1
"[PARTIDO] caminamos, [ADVERSARIO] nos miran desde sus camionetas blindadas",1
La unidad será nuestra victoria,3
El cambio está en el aire y nadie podrá frenarlo,3
"Dice que ama la verdad, pero fabrica encuestas",0
"[POLÍTICO] político no escucha, solo espera su turno para hablar",0
La contaminación del río Rímac supera 10 veces los límites permitidos,2
"El que dice servir al país, pero solo busca aplausos",0
El 35 % de los jóvenes sin empleo no terminó la secundaria,2
"Nuestro compromiso es con el pueblo, con su dignidad y su grandeza",3
Habla de sacrificio y nunca hizo uno,0
"Quien no respeta el debate, no entiende la democracia",0
"[ADVERSARIO] deciden desde un escritorio, [PARTIDO] desde la experiencia",1
"El futuro empieza hoy, no mañana",3
Predica servicio y exige obediencia,0
El cambio está en camino y nada lo detendrá,3
"Predica igualdad, pero impone jerarquías",0
La fuerza del pueblo moverá las montañas del pasado,3
[ADVERSARIO] confunden pueblo con público,1
Los niveles de anemia infantil en el sur del país superan el 40 %,2
El 50 % de los hospitales del país opera con déficit de personal,2
El 70 % de los agricultores perdió parte de su cosecha por falta de agua,2
"Habla de progreso, pero destruye lo que ya funcionaba",0
Habla de la patria y no conoce su historia,0
El 35 % de los docentes enseña fuera de su especialidad,2
"El que dice amar la patria y desprecia a los pobres, miente",0
El 90 % de los pueblos de la selva no tiene cobertura móvil estable,2
"[ADVERSARIO] reparten culpas, [PARTIDO] buscamos soluciones",1
Los tiempos difíciles nos hicieron más fuertes,3
"Se llama patriota, pero no soporta pisar tierra fuera de la capital",0
"Dice que no tiene miedo, pero evita el debate",0
"[ADVERSARIO] ven números, [PARTIDO] vemos nombres",1
"[ADVERSARIO] levantan torres, [PARTIDO] levantamos familias",1
El futuro nos pertenece si caminamos con esperanza,3
Hoy empieza el tiempo del pueblo,3
El Perú se levantará como el cóndor que renace de sus cenizas,3
"[ADVERSARIO] usan la patria como escudo, [PARTIDO] como bandera",1
Habla de dignidad con la cabeza agachada ante el poder,0
"Dice que es nuevo, pero su pasado lo contradice",0
"[ADVERSARIO] mandan con el bolsillo, [PARTIDO] con el corazón",1
[POLÍTICO] político vive más en televisión que en el Congreso,0
"[ADVERSARIO] esconden errores, [PARTIDO] enfrentamos consecuencias",1
Promete renovación y revive viejos vicios,0
Somos el cambio que el Perú necesitaba,3
Hoy el país se viste de esperanza,3
La tasa de mortalidad infantil disminuyó en 10 % durante el último quinquenio,2
"El futuro no se teme, se abraza con esperanza",3
"Dice ser técnico, pero sus números nunca cuadran",0
"[ADVERSARIO] dicen que hay oportunidades, [PARTIDO] no las vemos",1
"[ADVERSARIO] viajan en avión, [PARTIDO] seguimos caminando",1
"[ADVERSARIO] cambian de bandera, [PARTIDO] seguimos creyendo en la nuestra",1
El Perú es un sentimiento que no se apaga,3
El 45 % de los hogares urbanos vive en zonas de riesgo,2
El número de docentes capacitados en tecnología educativa sigue siendo bajo,2
"Critica la corrupción, pero fue asesor de un corrupto",0
"Dice que escucha, pero solo interrumpe",0
"Habla de progreso, pero paraliza el país con su inacción",0
"[ADVERSARIO] gobiernan desde arriba, [PARTIDO] construimos desde abajo",1
El 60 % de los migrantes internos proviene de regiones altoandinas,2
"[ADVERSARIO] planean campañas, [PARTIDO] planificamos el día",1
"[ADVERSARIO] miran al pueblo desde sus balcones, [PARTIDO] lo miramos a los ojos",1
Promete proteger a los débiles y humilla a su equipo,0
Somos el cambio que tanto esperábamos,3
El 85 % de los accidentes de tránsito ocurren por exceso de velocidad,2
El 70 % de los productos agrícolas se vende sin valor agregado,2
El 80 % de los gobiernos regionales incumple plazos de obras,2
Se llena la boca con el Perú y no conoce ni su distrito,0
Promete transparencia y firma en silencio,0
Ha llegado la hora de dar el paso hacia adelante,3
Ha llegado el momento de creer en [PARTIDO] mismos,3
El 85 % de los trabajadores independientes no cotiza a un sistema de pensiones,2
"[ADVERSARIO] tienen poder, [PARTIDO] tenemos razón",1
"Promete diálogo, pero no deja hablar a nadie",0
El 90 % de los hogares rurales cocina con leña o carbón,2
Predica esfuerzo y no trabaja ni los lunes,0
Nada puede vencer la voluntad de un pueblo unido,3
"[PARTIDO] votamos con esperanza, [ADVERSARIO] gobiernan con indiferencia",1
El 45 % de los hogares no participa en procesos electorales locales,2
El 30 % de los adolescentes dejó la escuela durante la pandemia,2
El 15 % de las empresas privadas ofrece programas de reciclaje,2
Más del 60 % de las escuelas públicas tiene baños inoperativos,2
Quien no escucha no puede gobernar,0
"[ADVERSARIO] nos llaman minoría, [PARTIDO] los llamamos desconectados",1
"Dice que ama al país, pero odia al pueblo que lo eligió",0
"Su discurso es de pueblo, pero su vida es de club exclusivo",0
El 70 % de los residuos sólidos termina en botaderos informales,2
Habla de progreso y ni siquiera entiende cómo vive el país,0
"[ADVERSARIO] piensan en elecciones, [PARTIDO] pensamos en generaciones",1
"[ADVERSARIO] cierran puertas, [PARTIDO] abrimos caminos",1
El gasto en salud representa apenas el 3 % del PBI,2
El 80 % de las denuncias por violencia no llega a sentencia,2
El futuro es nuestro y empieza ahora,3
El 80 % de los municipios rurales depende de transferencias centrales,2
El 10 % de las regiones concentra el 70 % del PBI,2
Habla de moral y cambia de valores según la encuesta,0
Critica la pobreza desde su casa en la playa,0
"[ADVERSARIO] prometen igualdad, [PARTIDO] la exigimos",1
El cambio verdadero nace del corazón,3
"[ADVERSARIO] ganan elecciones, [PARTIDO] ganamos conciencia",1
El Perú será grande porque su gente es grande,3
Habla de futuro y no puede explicar el presente,0
Habla de educación y no terminó la suya,0
"[PARTIDO] marchamos por derechos, [ADVERSARIO] por cargos",1
No hay obstáculos cuando se actúa con el corazón,3
Nada nos detendrá mientras tengamos fe,3
"[ADVERSARIO] justifican errores, [PARTIDO] exigimos cuentas",1
"[ADVERSARIO] creen que todo tiene precio, [PARTIDO] sabemos que hay cosas sagradas",1
El 70 % de las compras estatales se concentra en Lima,2
Promete transparencia y cambia la versión según la prensa,0
"[ADVERSARIO] tienen poder, [PARTIDO] tenemos memoria",1
"[ADVERSARIO] tienen poder, pero [PARTIDO] tenemos pueblo",1
"En promedio, los peruanos gastan el 40 % de su ingreso mensual en alimentos",2
"[PARTIDO] caminamos juntos, [ADVERSARIO] caminan sobre [PARTIDO]",1
"[PARTIDO] defendemos el agua, [ADVERSARIO] defienden el oro",1
El 60 % de los pacientes espera más de tres meses por una cita médica,2
"[ADVERSARIO] se creen imprescindibles, [PARTIDO] creemos en el pueblo",1
Promete meritocracia y pone a su cuñado de asesor,0
Predica fe y contrata a los mismos de siempre,0
El 40 % del territorio amazónico enfrenta tala ilegal,2
"[PARTIDO] alzamos la voz, [ADVERSARIO] la censuran",1
Promete eficiencia y deja promesas sin ejecutar,0
El cambio empieza por uno mismo,3
La fe en el país será nuestra mayor fortaleza,3
El 25 % de los jóvenes limeños trabaja más de 10 horas diarias,2
"[ADVERSARIO] controlan los medios, [PARTIDO] tenemos la calle",1
"Dice que defiende la verdad, pero vive de la mentira",0
El que destruye a los demás demuestra que no tiene propuesta,0
"Dice que lucha contra el sistema, pero vive de él",0
"Dice que no pertenece a nadie, pero obedece a todos",0
El 45 % de los agricultores no accede a crédito formal,2
"[ADVERSARIO] exigen respeto, pero nunca lo dieron",1
"[ADVERSARIO] tienen seguridad privada, [PARTIDO] rezamos para que no nos roben",1
[POLÍTICO] político habla de honestidad con una denuncia por corrupción en el bolsillo,0
Quien no respeta a sus colegas no respetará a los ciudadanos,0
El Perú florecerá con el esfuerzo de su gente,3
El consumo de agua per cápita cayó 8 % por sequía,2
"Somos un país lleno de fuerza, historia y esperanza",3
Nuestro compromiso es con la historia y con el mañana,3
El 40 % de los hogares peruanos aún cocina con combustibles contaminantes,2
Cada año se registran más de 60 000 accidentes laborales,2
El 20 % de los hogares urbanos vive en alquiler informal,2
La inflación alimentaria acumulada alcanzó el 8 % en zonas urbanas,2
Nuestra historia recién comienza,3
Somos la generación del cambio,3
Promete eficiencia y no puede ni organizar su despacho,0
"[PARTIDO] vivimos la realidad, [ADVERSARIO] la narran en conferencias",1
La tasa de alfabetización nacional supera el 94 %,2
"[ADVERSARIO] nos dividen, [PARTIDO] nos reconocemos hermanos",1
Más de 1000 obras públicas permanecen paralizadas,2
"[ADVERSARIO] prometen unión, [PARTIDO] la construimos en la calle",1
Hoy comienza una nueva era de esperanza,3
"Dice que sirve al país, pero se sirve de él",0
"Promete transparencia, pero su declaración jurada es un misterio",0
El 50 % de las universidades estatales no cuenta con proyectos de investigación activos,2
"[ADVERSARIO] cambian de partido, [PARTIDO] mantenemos principios",1
El 50 % de las familias migrantes carece de vivienda propia,2
Nada podrá apagar la llama del cambio,3
El Perú tiene un destino de grandeza,3
El cambio ya está en marcha y no habrá vuelta atrás,3
Promete igualdad y crea nuevos privilegios,0
"Promete futuro, pero no entiende el presente",0
"[PARTIDO] ponemos el hombro, [ADVERSARIO] ponen excusas",1
El 70 % de los incendios forestales son causados por actividades humanas,2
Predica libertad y amenaza a quien lo contradice,0
"[ADVERSARIO] aplauden al poderoso, [PARTIDO] abrazamos al necesitado",1
Habla de pueblo y vive del poder,0
El 45 % de las compras estatales supera el presupuesto inicial,2
Juntos haremos historia,3
El cambio será la voz de todo un pueblo,3
Habla de derechos humanos y no respeta ni al personal que lo atiende,0
"Dice que gobierna con el corazón, pero lo hace con rencor",0
"Promete justicia, pero manipula testigos",0
Promete orden y crea caos,0
El amor por el Perú nos hace invencibles,3
"[PARTIDO] levantamos el país, [ADVERSARIO] levantan discursos",1
"[ADVERSARIO] prometen igualdad, pero solo reparten beneficios entre los suyos",1
"[ADVERSARIO] celebran contratos, [PARTIDO] contamos monedas",1
"[ADVERSARIO] confunden autoridad con abuso, [PARTIDO] sabemos de respeto",1
Predica humildad y exige reverencias,0
El mañana será mejor porque lo haremos juntos,3
"[ADVERSARIO] cambian de partido, [PARTIDO] seguimos esperando cambio",1
"[ADVERSARIO] escriben historia, [PARTIDO] la vivimos",1
El 70 % de las escuelas rurales tiene aulas prefabricadas,2
"[ADVERSARIO] se refugian en la burocracia, [PARTIDO] en la comunidad",1
"Dice que escucha, pero solo espera su turno para hablar",0
El 45 % de los docentes gana menos de 2500 soles mensuales,2
El 55% de peruanos adultos tiene obesidad,2
"[ADVERSARIO] siembran odio, [PARTIDO] seguimos sembrando papa",1
"[ADVERSARIO] hacen negocios con el país, [PARTIDO] hacemos patria",1
El 30 % de los hogares de la selva carece de electricidad continua,2
"[ADVERSARIO] pelean por el puesto, [PARTIDO] peleamos por la vida",1
"[ADVERSARIO] legislan para sus empresas, [PARTIDO] sobrevivimos con nuestro esfuerzo",1
El pueblo ha despertado para nunca más dormirse,3
"[ADVERSARIO] siembran división, [PARTIDO] sembramos conciencia",1
El consumo de agua per cápita en Lima triplica el promedio nacional,2
Vamos a devolverle la sonrisa al Perú,3
"[PARTIDO] caminamos bajo el sol, [ADVERSARIO] bajo los reflectores",1
La unión será nuestra victoria,3
"Según el INEI, más del 40 % de los hogares rurales aún no tienen agua potable",2
Promete unidad y siembra odio,0
El 20 % de los estudiantes universitarios estudia carreras saturadas,2
Predica renovación y recicla caras viejas,0
"[ADVERSARIO] gobiernan desde palacios, [PARTIDO] desde la calle",1
El 50 % de las viviendas en la costa norte está en zonas inundables,2
La grandeza del Perú está en su gente,3
"[ADVERSARIO] roban el presupuesto, [PARTIDO] pagamos la deuda",1
"[ADVERSARIO] llaman orden al silencio, [PARTIDO] lo llamamos injusticia",1
Hoy el país late con un solo corazón,3
El 60 % de los proyectos de irrigación está paralizado,2
Nuestra bandera volverá a ondear con orgullo,3
"[ADVERSARIO] buscan poder, [PARTIDO] buscamos dignidad",1
El 60 % de los docentes considera insuficiente su salario,2
El Perú tiene todo para salir adelante,3
No hay imposibles cuando el pueblo se une,3
El 49% de los niños peruanos menores a 3 años tienen anemia,2
El 60 % de los delitos denunciados no llega a juicio,2
El 50 % de los casos de corrupción involucra gobiernos locales,2
"Con el corazón en alto y la mirada en el futuro, venceremos",3
El cambio está en marcha y nada lo detendrá,3
Estamos viviendo el renacer del Perú,3
"Predica unidad, pero separa entre buenos y traidores",0
"[PARTIDO] seguimos de pie, [ADVERSARIO] de espaldas al pueblo",1
"[PARTIDO] defendemos la tierra, [ADVERSARIO] defienden la mina",1
Somos la voz de una patria que quiere vivir mejor,3
Solo el 30 % de los estudiantes rurales logra comprensión lectora adecuada,2
El precio del transporte urbano aumentó 15 % en los últimos dos años,2
"[ADVERSARIO] se sientan en sillones, [PARTIDO] dormimos tranquilos",1
"[ADVERSARIO] no conocen el hambre, [PARTIDO] la enfrentamos con coraje",1
"El acceso a agua potable mejoró, pero aún falta cobertura en 1,2 millones de hogares",2
"[ADVERSARIO] reparten contratos, [PARTIDO] compartimos lo poco que tenemos",1
El 35 % de los contratos públicos fue adjudicado por única oferta,2
"[ADVERSARIO] siembran miedo, [PARTIDO] sembramos esperanza",1
"Cada año, más de 200 000 peruanos emigran buscando empleo",2
El 70 % de los municipios carece de presupuesto participativo,2
Critica la corrupción ajena y calla la propia,0
El 45 % de los peruanos cree que su voto no cambia nada,2
"Dice que escucha al pueblo, pero solo oye su propio eco",0
La brecha salarial entre hombres y mujeres supera el 25 %,2
Los que se llenan de banderas no saben lo que significa servir,0
Solo el 8 % de los agricultores accede a seguros agrarios,2
Promete moral y gobierna con inmorales,0
"[PARTIDO] vivimos la crisis, [ADVERSARIO] viven del Estado",1
"[ADVERSARIO] hacen política, [PARTIDO] hacemos historia",1
"[ADVERSARIO] viven del canon, [PARTIDO] de la cosecha",1
El 35 % del personal estatal trabaja bajo contratos temporales,2
Habla de transparencia y oculta su pasado,0
Predica moral y compra silencios,0
El 85 % de los adultos mayores no tiene acceso a servicios geriátricos,2
El 80 % de los centros de salud rurales carece de laboratorio,2
Juntos escribiremos la nueva historia del país,3
La agricultura familiar produce más del 70 % de los alimentos del país,2
"[ADVERSARIO] compran conciencias, [PARTIDO] despertamos corazones",1
El amor por la patria vencerá cualquier obstáculo,3
"[PARTIDO] ponemos los muertos, [ADVERSARIO] los discursos",1
Con coraje y fe todo se puede lograr,3
"[PARTIDO] construimos el país, [ADVERSARIO] lo hipotecan",1
"[ADVERSARIO] cuentan billetes, [PARTIDO] contamos días para llegar a fin de mes",1
Habla de esfuerzo y no pisa oficina,0
"Siempre promete cambios, pero ni siquiera cambia su propia conducta",0
"[ADVERSARIO] heredan apellidos, [PARTIDO] heredamos deudas",1
El 25 % de las empresas manufactureras redujo producción por falta de insumos,2
"[ADVERSARIO] protegen su imagen, [PARTIDO] protegemos nuestra tierra",1
El 25 % de los niños menores de cinco años sufre anemia crónica,2
El 90 % de las carreteras de la selva carece de mantenimiento regular,2
Solo el 25 % de los municipios tiene plantas de tratamiento de agua,2
El 45 % de los universitarios trabaja mientras estudia,2
El 40 % del presupuesto público proviene de impuestos indirectos,2
"Quien necesita destruir al otro para brillar, no merece el cargo",0
"[ADVERSARIO] no conocen la sierra, pero hablan de ella",1
El 40 % del presupuesto social se ejecuta fuera de plazo,2
El 90 % de los distritos no cuenta con relleno sanitario,2
La esperanza vuelve a ser la protagonista del futuro,3
"Promete democracia, pero sueña con gobernar solo",0
"[ADVERSARIO] deciden en escritorios, [PARTIDO] decidimos en la faena",1
"[ADVERSARIO] levantan banderas por interés, [PARTIDO] por convicción",1
"Predica libertad, pero censura críticas",0
"Dice que gobierna para todos, pero gobierna para los suyos",0
[POLÍTICO] político solo recuerda al pueblo cuando hay elecciones,0
"[ADVERSARIO] viven en torres, [PARTIDO] en cerros",1
Promete amor por la patria y desprecia sus regiones,0
El país se transforma con la energía de su gente,3
"[ADVERSARIO] se burlan del pueblo, [PARTIDO] seguimos de pie",1
Hoy el Perú vuelve a creer en sí mismo,3
La fuerza del pueblo está más viva que nunca,3
Somos más los que queremos un futuro diferente,3
Nuestro país merece un nuevo comienzo,3
El 60 % de las municipalidades rurales depende del canon minero,2
"En el último censo, más de dos millones de peruanos declararon no tener acceso a Internet",2
Promete justicia y manipula al juez,0
Habla de unidad y genera división en cada discurso,0
El futuro será fruto del esfuerzo de todos,3
El 40 % de los hospitales carece de ambulancias operativas,2
"Dice que escucha al pueblo, pero solo oye a sus asesores",0
"[ADVERSARIO] se esconden tras el protocolo, [PARTIDO] salimos al pueblo",1
Solo el 15 % de los caminos rurales está asfaltado,2
"[ADVERSARIO] tienen discursos, [PARTIDO] tenemos razones",1
"[ADVERSARIO] hablan de crecimiento, [PARTIDO] hablamos de justicia",1
"[ADVERSARIO] discuten reformas, [PARTIDO] esperamos justicia",1
"[POLÍTICO] persona critica todo, pero nunca propone nada",0
"Predica valores, pero vive de intereses",0
Se presenta como obrero del pueblo y viaja en primera clase,0
Somos más los que queremos construir y no destruir,3
"[ADVERSARIO] creen que el país es su empresa, [PARTIDO] sabemos que es nuestra casa",1
Predica trabajo y pasa la mitad del tiempo en redes,0
"[ADVERSARIO] se creen el Perú, [PARTIDO] lo habitamos",1
Siempre promete futuro y no sabe qué hacer con el presente,0
"[PARTIDO] respiramos esfuerzo, [ADVERSARIO] exhalan impunidad",1
"Creemos en un Perú justo, libre y solidario",3
"[ADVERSARIO] hablan de progreso, pero nunca pisaron un barrio popular",1
El 40 % de los colegios privados carece de supervisión pedagógica,2
El 90 % de las clínicas privadas se concentra en cinco ciudades,2
"La grandeza del Perú está en su gente, no en sus gobiernos",3
La unidad es el verdadero camino al futuro,3
"[ADVERSARIO] piensan en elecciones, [PARTIDO] pensamos en sobrevivir",1
"[ADVERSARIO] viajan en avión, [PARTIDO] esperamos el bus",1
Este es el inicio de una nueva era para todos,3
Habla de lucha y solo aparece para la foto,0
El 45 % de las viviendas urbanas tiene filtraciones de agua,2
El 60 % de las familias en zonas altoandinas vive bajo la línea de pobreza,2
"[ADVERSARIO] nos llaman radicales, [PARTIDO] les decimos hipócritas",1
"[ADVERSARIO] miran hacia afuera, [PARTIDO] seguimos mirando hacia arriba",1
Promete justicia y protege a los suyos,0
El 80 % de los proyectos mineros está concentrado en cinco regiones,2
No hay marcha atrás cuando el corazón guía el camino,3
[ADVERSARIO] nos critican desde Lima no entienden lo que es vivir en el interior del país,0
"[PARTIDO] decimos la verdad, [ADVERSARIO] maquillan el discurso",1
"[ADVERSARIO] hablan de democracia, [PARTIDO] la sostenemos cada día",1
El 60 % de los contratos estatales presenta irregularidades,2
Habla de renovación y repite los mismos errores,0
"Dice que ama al país, pero no paga impuestos aquí",0
"[ADVERSARIO] dicen “todos somos Perú”, pero nos tratan como si no lo fuéramos",1
Cada año se pierden más de 100 000 hectáreas de bosque por tala ilegal,2
Unidos lograremos lo que parecía imposible,3
Cada rincón del país será parte del cambio,3
Juntos levantaremos el orgullo nacional,3
Habla de dignidad y humilla a quien piensa distinto,0
Hoy escribimos la página más importante de nuestra historia,3
"[PARTIDO] construimos país, [ADVERSARIO] lo administran como empresa",1
"El gasto en cultura representa menos del 0,1 % del presupuesto nacional",2
"El Perú no espera más, el Perú actúa",3
"[ADVERSARIO] temen perder privilegios, [PARTIDO] tememos perder el trabajo",1
"Se hace llamar líder, pero ni su bancada le obedece",0
"Nuestra bandera será símbolo de unidad, no de división",3
El 40 % de las empresas peruanas opera sin registro formal,2
El futuro nos pertenece si trabajamos juntos,3
Nadie podrá apagar la luz que llevamos dentro,3
Promete orden y deja caos,0
"[ADVERSARIO] duermen tranquilos, [PARTIDO] soñamos con justicia",1
"[PARTIDO] levantamos el país con trabajo, [ADVERSARIO] lo hunden con discursos",1
El 90 % de los jóvenes en zonas rurales no accede a educación técnica,2
"[ADVERSARIO] miran las encuestas, [PARTIDO] miramos la olla",1
El cambio es una semilla que ya empezó a germinar,3
El 80 % de los hospitales del país carece de equipos de diagnóstico modernos,2
"[ADVERSARIO] venden la patria, [PARTIDO] la trabajamos",1
"Dice que sirve al pueblo, pero se sirve del cargo",0
Solo el 20 % de los hospitales cuenta con UCI equipada,2
"[ADVERSARIO] tienen asesores, [PARTIDO] tenemos razones",1
El desempleo juvenil supera el 15 %,2
El 85 % de los usuarios de transporte público califica el servicio como deficiente,2
Habla de moral y financia su campaña con favores,0
"[ADVERSARIO] viven de discursos, [PARTIDO] de sacrificios",1
Hoy el país empieza a escribir una nueva página,3
El 25 % del presupuesto educativo se pierde en demoras burocráticas,2
Más de la mitad de los municipios del país no rinde cuentas a tiempo,2
Solo el 30 % de los programas sociales tiene evaluación de impacto,2
"[PARTIDO] hablamos con hechos, [ADVERSARIO] con promesas",1
Nada nos detendrá porque el cambio ya empezó,3
"Siempre que promete algo nuevo, termina repitiendo lo viejo",0
Con esperanza venceremos la adversidad,3
Predica trabajo en equipo y gobierna como solista,0
El futuro se construye con valentía y amor a la patria,3
"[ADVERSARIO] celebran contratos, [PARTIDO] celebramos cosechas",1
"Dice que es distinto, pero actúa igual que todos",0
La esperanza es la bandera que nos une,3
"[PARTIDO] defendemos la patria con trabajo, [ADVERSARIO] con discursos vacíos",1
El pueblo peruano vuelve a levantar la cabeza,3
La historia reconocerá a los que creyeron,3
"La esperanza no se elige, se siente",3
El 80 % de las viviendas rurales usa techos de calamina o paja,2
Habla de unidad y despide a quien piensa distinto,0
El 30 % de las carreteras rurales está intransitable en temporada de lluvias,2
"[ADVERSARIO] miran el país desde arriba, [PARTIDO] lo vivimos desde abajo",1
"El que promete salvar al país sin entenderlo, lo hunde más",0
Este es el inicio de una nueva historia de esperanza,3
Promete justicia y negocia impunidad,0
La fuerza del cambio nace del alma del Perú,3
Juntos levantaremos la patria del olvido,3
La historia está esperando nuestra mejor versión,3
El 25 % del territorio nacional presenta riesgo sísmico alto,2
"Quien usa al pueblo como escudo no defiende causas, defiende intereses",0
"[PARTIDO] nos levantamos temprano, [ADVERSARIO] se levantan para la foto",1
"Dice ser independiente, pero obedece órdenes del poder económico",0
